Qubit,Value,RGB1,RGB2,RGB3
Q0,0.0,0.8106543271652416,0.9218447051984724,0.9373759048616408
Q1,0.005146994791841461,0.8106543271652416,0.9218447051984724,0.9373759048616408
Q2,0.00624206010796777,0.763897854764939,0.7572688769419182,0.9494023023345208
Q3,0.008748299505487016,0.8299576787894204,0.5632024035248271,0.7762744444444444
Q4,0.0034697525410923376,0.7576693751824222,0.47696440257052414,0.4377552097141371
Q5,0.0035084951464780557,0.4587619752319175,0.48057366087571074,0.19972785287539777
Q6,0.001816441271975634,0.17004232121057958,0.43679759647517286,0.2237255555555555
Q7,0.006641875401800737,0.10361479515598847,0.09497494261006116,0.20622110711523312
Q8,0.0038706740441110375,0.08259385956193721,0.27284810506762325,0.3077201223179875
Q9,0.0029085013731081064,0.17004232121057958,0.43679759647517286,0.2237255555555555
Q10,0.002559765379527354,0.4587619752319175,0.48057366087571074,0.19972785287539777
Q11,0.008321379399056972,0.7576693751824222,0.47696440257052414,0.4377552097141371
Q12,0.005795126775697497,0.8299576787894204,0.5632024035248271,0.7762744444444444
Q13,0.003979812713217392,0.763897854764939,0.7572688769419182,0.9494023023345208
Q0,0.0,0.8106543271652416,0.9218447051984724,0.9373759048616408
Q1,0.005798992188172453,0.8106543271652416,0.9218447051984724,0.9373759048616408
Q2,0.0024854387254775127,0.763897854764939,0.7572688769419182,0.9494023023345208
Q3,0.006515145870211103,0.8299576787894204,0.5632024035248271,0.7762744444444444
Q4,0.0030306719563521043,0.7576693751824222,0.47696440257052414,0.4377552097141371
Q5,0.0022469464202858206,0.4587619752319175,0.48057366087571074,0.19972785287539777
Q6,0.0014953904136158888,0.17004232121057958,0.43679759647517286,0.2237255555555555
Q7,0.0046102615753237305,0.10361479515598847,0.09497494261006116,0.20622110711523312
Q8,0.0021987875371120126,0.08259385956193721,0.27284810506762325,0.3077201223179875
Q9,0.0014943247769169667,0.17004232121057958,0.43679759647517286,0.2237255555555555
Q10,0.0019474459428993549,0.4587619752319175,0.48057366087571074,0.19972785287539777
Q11,0.0074288854548691515,0.7576693751824222,0.47696440257052414,0.4377552097141371
Q12,0.0053959548857541876,0.8299576787894204,0.5632024035248271,0.7762744444444444
Q13,0.0038928574406432315,0.763897854764939,0.7572688769419182,0.9494023023345208
Q0,0.0,0.8106543271652416,0.9218447051984724,0.9373759048616408
Q1,0.004969776547783959,0.8106543271652416,0.9218447051984724,0.9373759048616408
Q2,0.00450702726133925,0.763897854764939,0.7572688769419182,0.9494023023345208
Q3,0.006748974203774237,0.8299576787894204,0.5632024035248271,0.7762744444444444
Q4,0.003968316413119454,0.7576693751824222,0.47696440257052414,0.4377552097141371
Q5,0.0019069688290949851,0.4587619752319175,0.48057366087571074,0.19972785287539777
Q6,0.0016693785010602805,0.17004232121057958,0.43679759647517286,0.2237255555555555
Q7,0.004782433093262565,0.10361479515598847,0.09497494261006116,0.20622110711523312
Q8,0.0033178633661104153,0.08259385956193721,0.27284810506762325,0.3077201223179875
Q9,0.002180316067719271,0.17004232121057958,0.43679759647517286,0.2237255555555555
Q10,0.0021044656789053983,0.4587619752319175,0.48057366087571074,0.19972785287539777
Q11,0.007146742146030922,0.7576693751824222,0.47696440257052414,0.4377552097141371
Q12,0.004268150473157573,0.8299576787894204,0.5632024035248271,0.7762744444444444
Q13,0.006081583474404209,0.763897854764939,0.7572688769419182,0.9494023023345208
Q0,0.0,0.8106543271652416,0.9218447051984724,0.9373759048616408
Q1,0.0064925313490191315,0.8106543271652416,0.9218447051984724,0.9373759048616408
Q2,0.004830106065475072,0.763897854764939,0.7572688769419182,0.9494023023345208
Q3,0.0072301473595155,0.8299576787894204,0.5632024035248271,0.7762744444444444
Q4,0.0018549088199627045,0.7576693751824222,0.47696440257052414,0.4377552097141371
Q5,0.0023421271242256504,0.4587619752319175,0.48057366087571074,0.19972785287539777
Q6,0.001280188409374703,0.17004232121057958,0.43679759647517286,0.2237255555555555
Q7,0.005778222864517632,0.10361479515598847,0.09497494261006116,0.20622110711523312
Q8,0.003731594199662744,0.08259385956193721,0.27284810506762325,0.3077201223179875
Q9,0.0027417346672329057,0.17004232121057958,0.43679759647517286,0.2237255555555555
Q10,0.002044925406493199,0.4587619752319175,0.48057366087571074,0.19972785287539777
Q11,0.0077680315194625996,0.7576693751824222,0.47696440257052414,0.4377552097141371
Q12,0.004907239484665289,0.8299576787894204,0.5632024035248271,0.7762744444444444
Q13,0.00517212828538221,0.763897854764939,0.7572688769419182,0.9494023023345208
Q0,0.0,0.8106543271652416,0.9218447051984724,0.9373759048616408
Q1,0.005929885721627528,0.8106543271652416,0.9218447051984724,0.9373759048616408
Q2,0.005266909237277182,0.763897854764939,0.7572688769419182,0.9494023023345208
Q3,0.009027946988159589,0.8299576787894204,0.5632024035248271,0.7762744444444444
Q4,0.0018502629504605257,0.7576693751824222,0.47696440257052414,0.4377552097141371
Q5,0.0019438277129968976,0.4587619752319175,0.48057366087571074,0.19972785287539777
Q6,0.0022086007239269854,0.17004232121057958,0.43679759647517286,0.2237255555555555
Q7,0.0067860863007498575,0.10361479515598847,0.09497494261006116,0.20622110711523312
Q8,0.0032722742201488205,0.08259385956193721,0.27284810506762325,0.3077201223179875
Q9,0.002436624829932719,0.17004232121057958,0.43679759647517286,0.2237255555555555
Q10,0.0021924569488286022,0.4587619752319175,0.48057366087571074,0.19972785287539777
Q11,0.009345385627068969,0.7576693751824222,0.47696440257052414,0.4377552097141371
Q12,0.0048579147696942325,0.8299576787894204,0.5632024035248271,0.7762744444444444
Q13,0.005199420516967408,0.763897854764939,0.7572688769419182,0.9494023023345208
Q0,0.0,0.8106543271652416,0.9218447051984724,0.9373759048616408
Q1,0.0056676361196889066,0.8106543271652416,0.9218447051984724,0.9373759048616408
Q2,0.004666308279507357,0.763897854764939,0.7572688769419182,0.9494023023345208
Q3,0.00765410278542949,0.8299576787894204,0.5632024035248271,0.7762744444444444
Q4,0.002834782536197425,0.7576693751824222,0.47696440257052414,0.4377552097141371
Q5,0.0023896730466162817,0.4587619752319175,0.48057366087571074,0.19972785287539777
Q6,0.0016939998639906983,0.17004232121057958,0.43679759647517286,0.2237255555555555
Q7,0.005719775847130905,0.10361479515598847,0.09497494261006116,0.20622110711523312
Q8,0.0032782386734290063,0.08259385956193721,0.27284810506762325,0.3077201223179875
Q9,0.002352300342981994,0.17004232121057958,0.43679759647517286,0.2237255555555555
Q10,0.0021698118713307816,0.4587619752319175,0.48057366087571074,0.19972785287539777
Q11,0.008002084829297724,0.7576693751824222,0.47696440257052414,0.4377552097141371
Q12,0.005044877277793756,0.8299576787894204,0.5632024035248271,0.7762744444444444
Q13,0.00486516048612289,0.763897854764939,0.7572688769419182,0.9494023023345208
Q0,0.005146994791841461,0.8106543271652416,0.9218447051984724,0.9373759048616408
Q1,0.0,0.8106543271652416,0.9218447051984724,0.9373759048616408
Q2,0.010351505544834955,0.8106543271652416,0.9218447051984724,0.9373759048616408
Q3,0.012408081682498498,0.763897854764939,0.7572688769419182,0.9494023023345208
Q4,0.005965630179166322,0.8299576787894204,0.5632024035248271,0.7762744444444444
Q5,0.005145295911653104,0.7576693751824222,0.47696440257052414,0.4377552097141371
Q6,0.004164006964313304,0.4587619752319175,0.48057366087571074,0.19972785287539777
Q7,0.011784557458578584,0.08259385956193721,0.27284810506762325,0.3077201223179875
Q8,0.006659302131322859,0.17004232121057958,0.43679759647517286,0.2237255555555555
Q9,0.0053345737675085415,0.4587619752319175,0.48057366087571074,0.19972785287539777
Q10,0.004319490023634586,0.7576693751824222,0.47696440257052414,0.4377552097141371
Q11,0.015317400490840348,0.8299576787894204,0.5632024035248271,0.7762744444444444
Q12,0.008621765115475681,0.763897854764939,0.7572688769419182,0.9494023023345208
Q13,0.00705625767942666,0.8106543271652416,0.9218447051984724,0.9373759048616408
Q0,0.0057989921881724535,0.8106543271652416,0.9218447051984724,0.9373759048616408
Q1,0.0,0.8106543271652416,0.9218447051984724,0.9373759048616408
Q2,0.007830093593241966,0.8106543271652416,0.9218447051984724,0.9373759048616408
Q3,0.016211620939434696,0.763897854764939,0.7572688769419182,0.9494023023345208
Q4,0.007720389115301832,0.8299576787894204,0.5632024035248271,0.7762744444444444
Q5,0.006183027111474087,0.7576693751824222,0.47696440257052414,0.4377552097141371
Q6,0.0051793149102402816,0.4587619752319175,0.48057366087571074,0.19972785287539777
Q7,0.013257309125470419,0.08259385956193721,0.27284810506762325,0.3077201223179875
Q8,0.006796334034426366,0.17004232121057958,0.43679759647517286,0.2237255555555555
Q9,0.006184788939503849,0.4587619752319175,0.48057366087571074,0.19972785287539777
Q10,0.006700714110406196,0.7576693751824222,0.47696440257052414,0.4377552097141371
Q11,0.01645518527861658,0.8299576787894204,0.5632024035248271,0.7762744444444444
Q12,0.013645613897777157,0.763897854764939,0.7572688769419182,0.9494023023345208
Q13,0.009850153573683872,0.8106543271652416,0.9218447051984724,0.9373759048616408
Q0,0.004969776547783959,0.8106543271652416,0.9218447051984724,0.9373759048616408
Q1,0.0,0.8106543271652416,0.9218447051984724,0.9373759048616408
Q2,0.009634959405266867,0.8106543271652416,0.9218447051984724,0.9373759048616408
Q3,0.011518275009490455,0.763897854764939,0.7572688769419182,0.9494023023345208
Q4,0.007626642701343744,0.8299576787894204,0.5632024035248271,0.7762744444444444
Q5,0.005189323719179827,0.7576693751824222,0.47696440257052414,0.4377552097141371
Q6,0.003896854932808137,0.4587619752319175,0.48057366087571074,0.19972785287539777
Q7,0.009935809069506734,0.08259385956193721,0.27284810506762325,0.3077201223179875
Q8,0.00535815391647179,0.17004232121057958,0.43679759647517286,0.2237255555555555
Q9,0.005455710810263433,0.4587619752319175,0.48057366087571074,0.19972785287539777
Q10,0.005546670310974306,0.7576693751824222,0.47696440257052414,0.4377552097141371
Q11,0.012661530834375778,0.8299576787894204,0.5632024035248271,0.7762744444444444
Q12,0.008663106131927206,0.763897854764939,0.7572688769419182,0.9494023023345208
Q13,0.009573199449891828,0.8106543271652416,0.9218447051984724,0.9373759048616408
Q0,0.0064925313490191315,0.8106543271652416,0.9218447051984724,0.9373759048616408
Q1,0.0,0.8106543271652416,0.9218447051984724,0.9373759048616408
Q2,0.008097318439189639,0.8106543271652416,0.9218447051984724,0.9373759048616408
Q3,0.017866498126097557,0.763897854764939,0.7572688769419182,0.9494023023345208
Q4,0.006855331926560137,0.8299576787894204,0.5632024035248271,0.7762744444444444
Q5,0.007639142561993834,0.7576693751824222,0.47696440257052414,0.4377552097141371
Q6,0.005385068552556663,0.4587619752319175,0.48057366087571074,0.19972785287539777
Q7,0.012993065605670496,0.08259385956193721,0.27284810506762325,0.3077201223179875
Q8,0.0070680535508115296,0.17004232121057958,0.43679759647517286,0.2237255555555555
Q9,0.006104383839791743,0.4587619752319175,0.48057366087571074,0.19972785287539777
Q10,0.0054059234815544855,0.7576693751824222,0.47696440257052414,0.4377552097141371
Q11,0.019327273139593735,0.8299576787894204,0.5632024035248271,0.7762744444444444
Q12,0.012689657248322142,0.763897854764939,0.7572688769419182,0.9494023023345208
Q13,0.012093940336975225,0.8106543271652416,0.9218447051984724,0.9373759048616408
Q0,0.005929885721627528,0.8106543271652416,0.9218447051984724,0.9373759048616408
Q1,0.0,0.8106543271652416,0.9218447051984724,0.9373759048616408
Q2,0.010636370204798663,0.8106543271652416,0.9218447051984724,0.9373759048616408
Q3,0.01613440774679857,0.763897854764939,0.7572688769419182,0.9494023023345208
Q4,0.006010580113816706,0.8299576787894204,0.5632024035248271,0.7762744444444444
Q5,0.0046199834984665894,0.7576693751824222,0.47696440257052414,0.4377552097141371
Q6,0.0053889489391054125,0.4587619752319175,0.48057366087571074,0.19972785287539777
Q7,0.013248575574100774,0.08259385956193721,0.27284810506762325,0.3077201223179875
Q8,0.006695241936777203,0.17004232121057958,0.43679759647517286,0.2237255555555555
Q9,0.005542596491444634,0.4587619752319175,0.48057366087571074,0.19972785287539777
Q10,0.0046084268905380865,0.7576693751824222,0.47696440257052414,0.4377552097141371
Q11,0.01738738716413405,0.8299576787894204,0.5632024035248271,0.7762744444444444
Q12,0.011122786118687803,0.763897854764939,0.7572688769419182,0.9494023023345208
Q13,0.010177212407620605,0.8106543271652416,0.9218447051984724,0.9373759048616408
Q0,0.0056676361196889066,0.8106543271652416,0.9218447051984724,0.9373759048616408
Q1,0.0,0.8106543271652416,0.9218447051984724,0.9373759048616408
Q2,0.009310049437466418,0.8106543271652416,0.9218447051984724,0.9373759048616408
Q3,0.014827776700863956,0.763897854764939,0.7572688769419182,0.9494023023345208
Q4,0.0068357148072377485,0.8299576787894204,0.5632024035248271,0.7762744444444444
Q5,0.005755354560553488,0.7576693751824222,0.47696440257052414,0.4377552097141371
Q6,0.00480283885980476,0.4587619752319175,0.48057366087571074,0.19972785287539777
Q7,0.012243863366665402,0.08259385956193721,0.27284810506762325,0.3077201223179875
Q8,0.006515417113961949,0.17004232121057958,0.43679759647517286,0.2237255555555555
Q9,0.00572441076970244,0.4587619752319175,0.48057366087571074,0.19972785287539777
Q10,0.005316244963421532,0.7576693751824222,0.47696440257052414,0.4377552097141371
Q11,0.016229755381512095,0.8299576787894204,0.5632024035248271,0.7762744444444444
Q12,0.010948585702437999,0.763897854764939,0.7572688769419182,0.9494023023345208
Q13,0.009750152689519637,0.8106543271652416,0.9218447051984724,0.9373759048616408
Q0,0.00624206010796777,0.763897854764939,0.7572688769419182,0.9494023023345208
Q1,0.010351505544834957,0.8106543271652416,0.9218447051984724,0.9373759048616408
Q2,0.0,0.8106543271652416,0.9218447051984724,0.9373759048616408
Q3,0.013035036703453745,0.8106543271652416,0.9218447051984724,0.9373759048616408
Q4,0.005329086018181989,0.763897854764939,0.7572688769419182,0.9494023023345208
Q5,0.005951123137825015,0.8299576787894204,0.5632024035248271,0.7762744444444444
Q6,0.004900062229806021,0.7576693751824222,0.47696440257052414,0.4377552097141371
Q7,0.011672928440178015,0.17004232121057958,0.43679759647517286,0.2237255555555555
Q8,0.008514981670731862,0.4587619752319175,0.48057366087571074,0.19972785287539777
Q9,0.00699641801301152,0.7576693751824222,0.47696440257052414,0.4377552097141371
Q10,0.006323560214068632,0.8299576787894204,0.5632024035248271,0.7762744444444444
Q11,0.015182961447470611,0.763897854764939,0.7572688769419182,0.9494023023345208
Q12,0.00931794133043465,0.8106543271652416,0.9218447051984724,0.9373759048616408
Q13,0.009388056768038479,0.763897854764939,0.7572688769419182,0.9494023023345208
Q0,0.0024854387254775127,0.763897854764939,0.7572688769419182,0.9494023023345208
Q1,0.007830093593241966,0.8106543271652416,0.9218447051984724,0.9373759048616408
Q2,0.0,0.8106543271652416,0.9218447051984724,0.9373759048616408
Q3,0.010586149677270769,0.8106543271652416,0.9218447051984724,0.9373759048616408
Q4,0.005143136995592507,0.763897854764939,0.7572688769419182,0.9494023023345208
Q5,0.003494402124446368,0.8299576787894204,0.5632024035248271,0.7762744444444444
Q6,0.0029578721039353914,0.7576693751824222,0.47696440257052414,0.4377552097141371
Q7,0.009352169000838146,0.17004232121057958,0.43679759647517286,0.2237255555555555
Q8,0.003152109228650811,0.4587619752319175,0.48057366087571074,0.19972785287539777
Q9,0.0041311763289505875,0.7576693751824222,0.47696440257052414,0.4377552097141371
Q10,0.005091728189001329,0.8299576787894204,0.5632024035248271,0.7762744444444444
Q11,0.011553914392553375,0.763897854764939,0.7572688769419182,0.9494023023345208
Q12,0.008834956615588824,0.8106543271652416,0.9218447051984724,0.9373759048616408
Q13,0.006151967739121251,0.763897854764939,0.7572688769419182,0.9494023023345208
Q0,0.00450702726133925,0.763897854764939,0.7572688769419182,0.9494023023345208
Q1,0.009634959405266867,0.8106543271652416,0.9218447051984724,0.9373759048616408
Q2,0.0,0.8106543271652416,0.9218447051984724,0.9373759048616408
Q3,0.015957757245021218,0.8106543271652416,0.9218447051984724,0.9373759048616408
Q4,0.009241149174025043,0.763897854764939,0.7572688769419182,0.9494023023345208
Q5,0.00686689141426182,0.8299576787894204,0.5632024035248271,0.7762744444444444
Q6,0.004914134056949033,0.7576693751824222,0.47696440257052414,0.4377552097141371
Q7,0.014488415198398772,0.17004232121057958,0.43679759647517286,0.2237255555555555
Q8,0.005093754736464971,0.4587619752319175,0.48057366087571074,0.19972785287539777
Q9,0.007683647331547935,0.7576693751824222,0.47696440257052414,0.4377552097141371
Q10,0.007251064188106473,0.8299576787894204,0.5632024035248271,0.7762744444444444
Q11,0.017909496492181765,0.763897854764939,0.7572688769419182,0.9494023023345208
Q12,0.012905666376287655,0.8106543271652416,0.9218447051984724,0.9373759048616408
Q13,0.014107072953247918,0.763897854764939,0.7572688769419182,0.9494023023345208
Q0,0.004830106065475073,0.763897854764939,0.7572688769419182,0.9494023023345208
Q1,0.008097318439189639,0.8106543271652416,0.9218447051984724,0.9373759048616408
Q2,0.0,0.8106543271652416,0.9218447051984724,0.9373759048616408
Q3,0.013041674103097593,0.8106543271652416,0.9218447051984724,0.9373759048616408
Q4,0.00468948973342909,0.763897854764939,0.7572688769419182,0.9494023023345208
Q5,0.0049658161609382806,0.8299576787894204,0.5632024035248271,0.7762744444444444
Q6,0.00471369066182982,0.7576693751824222,0.47696440257052414,0.4377552097141371
Q7,0.010779065268433545,0.17004232121057958,0.43679759647517286,0.2237255555555555
Q8,0.005965225884883618,0.4587619752319175,0.48057366087571074,0.19972785287539777
Q9,0.006249895306771707,0.7576693751824222,0.47696440257052414,0.4377552097141371
Q10,0.0038704327457038832,0.8299576787894204,0.5632024035248271,0.7762744444444444
Q11,0.013437492491626587,0.763897854764939,0.7572688769419182,0.9494023023345208
Q12,0.010396222609040905,0.8106543271652416,0.9218447051984724,0.9373759048616408
Q13,0.007961723797614454,0.763897854764939,0.7572688769419182,0.9494023023345208
Q0,0.005266909237277182,0.763897854764939,0.7572688769419182,0.9494023023345208
Q1,0.010636370204798663,0.8106543271652416,0.9218447051984724,0.9373759048616408
Q2,0.0,0.8106543271652416,0.9218447051984724,0.9373759048616408
Q3,0.0131771836915215,0.8106543271652416,0.9218447051984724,0.9373759048616408
Q4,0.0061265433498830565,0.763897854764939,0.7572688769419182,0.9494023023345208
Q5,0.0045340727291306,0.8299576787894204,0.5632024035248271,0.7762744444444444
Q6,0.004231258027369884,0.7576693751824222,0.47696440257052414,0.4377552097141371
Q7,0.010874461132572974,0.17004232121057958,0.43679759647517286,0.2237255555555555
Q8,0.005408167346838928,0.4587619752319175,0.48057366087571074,0.19972785287539777
Q9,0.005959765857060143,0.7576693751824222,0.47696440257052414,0.4377552097141371
Q10,0.0038448033127532082,0.8299576787894204,0.5632024035248271,0.7762744444444444
Q11,0.014940187594127591,0.763897854764939,0.7572688769419182,0.9494023023345208
Q12,0.010851033303278704,0.8106543271652416,0.9218447051984724,0.9373759048616408
Q13,0.009272506135316903,0.763897854764939,0.7572688769419182,0.9494023023345208
Q0,0.0046663082795073575,0.763897854764939,0.7572688769419182,0.9494023023345208
Q1,0.009310049437466418,0.8106543271652416,0.9218447051984724,0.9373759048616408
Q2,0.0,0.8106543271652416,0.9218447051984724,0.9373759048616408
Q3,0.013159560284072966,0.8106543271652416,0.9218447051984724,0.9373759048616408
Q4,0.006105881054222337,0.763897854764939,0.7572688769419182,0.9494023023345208
Q5,0.005162461113320417,0.8299576787894204,0.5632024035248271,0.7762744444444444
Q6,0.00434340341597803,0.7576693751824222,0.47696440257052414,0.4377552097141371
Q7,0.01143340780808429,0.17004232121057958,0.43679759647517286,0.2237255555555555
Q8,0.005626847773514038,0.4587619752319175,0.48057366087571074,0.19972785287539777
Q9,0.006204180567468379,0.7576693751824222,0.47696440257052414,0.4377552097141371
Q10,0.005276317729926706,0.8299576787894204,0.5632024035248271,0.7762744444444444
Q11,0.014604810483591987,0.763897854764939,0.7572688769419182,0.9494023023345208
Q12,0.010461164046926149,0.8106543271652416,0.9218447051984724,0.9373759048616408
Q13,0.009376265478667802,0.763897854764939,0.7572688769419182,0.9494023023345208
Q0,0.008748299505487016,0.8299576787894204,0.5632024035248271,0.7762744444444444
Q1,0.012408081682498498,0.763897854764939,0.7572688769419182,0.9494023023345208
Q2,0.013035036703453745,0.8106543271652416,0.9218447051984724,0.9373759048616408
Q3,0.0,0.8106543271652416,0.9218447051984724,0.9373759048616408
Q4,0.009412221471983924,0.8106543271652416,0.9218447051984724,0.9373759048616408
Q5,0.009455077219963099,0.763897854764939,0.7572688769419182,0.9494023023345208
Q6,0.007024047561286222,0.8299576787894204,0.5632024035248271,0.7762744444444444
Q7,0.014800786146138951,0.4587619752319175,0.48057366087571074,0.19972785287539777
Q8,0.010288974863562462,0.7576693751824222,0.47696440257052414,0.4377552097141371
Q9,0.008167686832069197,0.8299576787894204,0.5632024035248271,0.7762744444444444
Q10,0.007561339140778159,0.763897854764939,0.7572688769419182,0.9494023023345208
Q11,0.020696101314551317,0.8106543271652416,0.9218447051984724,0.9373759048616408
Q12,0.012726871083916978,0.763897854764939,0.7572688769419182,0.9494023023345208
Q13,0.012053895893339802,0.8299576787894204,0.5632024035248271,0.7762744444444444
Q0,0.006515145870211103,0.8299576787894204,0.5632024035248271,0.7762744444444444
Q1,0.016211620939434696,0.763897854764939,0.7572688769419182,0.9494023023345208
Q2,0.010586149677270769,0.8106543271652416,0.9218447051984724,0.9373759048616408
Q3,0.0,0.8106543271652416,0.9218447051984724,0.9373759048616408
Q4,0.009039774537814791,0.8106543271652416,0.9218447051984724,0.9373759048616408
Q5,0.0066004886334697244,0.763897854764939,0.7572688769419182,0.9494023023345208
Q6,0.007232600091648705,0.8299576787894204,0.5632024035248271,0.7762744444444444
Q7,0.019417368661481627,0.4587619752319175,0.48057366087571074,0.19972785287539777
Q8,0.007838946516762852,0.7576693751824222,0.47696440257052414,0.4377552097141371
Q9,0.008143067688139946,0.8299576787894204,0.5632024035248271,0.7762744444444444
Q10,0.007864260762985721,0.763897854764939,0.7572688769419182,0.9494023023345208
Q11,0.02263840252049977,0.8106543271652416,0.9218447051984724,0.9373759048616408
Q12,0.016751506979996677,0.763897854764939,0.7572688769419182,0.9494023023345208
Q13,0.014134892637320274,0.8299576787894204,0.5632024035248271,0.7762744444444444
Q0,0.006748974203774237,0.8299576787894204,0.5632024035248271,0.7762744444444444
Q1,0.011518275009490455,0.763897854764939,0.7572688769419182,0.9494023023345208
Q2,0.015957757245021218,0.8106543271652416,0.9218447051984724,0.9373759048616408
Q3,0.0,0.8106543271652416,0.9218447051984724,0.9373759048616408
Q4,0.010410947011642874,0.8106543271652416,0.9218447051984724,0.9373759048616408
Q5,0.00722622842208252,0.763897854764939,0.7572688769419182,0.9494023023345208
Q6,0.006390161610784447,0.8299576787894204,0.5632024035248271,0.7762744444444444
Q7,0.022771374310616956,0.4587619752319175,0.48057366087571074,0.19972785287539777
Q8,0.006101814895883601,0.7576693751824222,0.47696440257052414,0.4377552097141371
Q9,0.010212009399073544,0.8299576787894204,0.5632024035248271,0.7762744444444444
Q10,0.010577366893994881,0.763897854764939,0.7572688769419182,0.9494023023345208
Q11,0.02389308122690942,0.8106543271652416,0.9218447051984724,0.9373759048616408
Q12,0.015524180208360558,0.763897854764939,0.7572688769419182,0.9494023023345208
Q13,0.0184510114482624,0.8299576787894204,0.5632024035248271,0.7762744444444444
Q0,0.0072301473595155,0.8299576787894204,0.5632024035248271,0.7762744444444444
Q1,0.017866498126097557,0.763897854764939,0.7572688769419182,0.9494023023345208
Q2,0.013041674103097593,0.8106543271652416,0.9218447051984724,0.9373759048616408
Q3,0.0,0.8106543271652416,0.9218447051984724,0.9373759048616408
Q4,0.009311703413616942,0.8106543271652416,0.9218447051984724,0.9373759048616408
Q5,0.012548786116562537,0.763897854764939,0.7572688769419182,0.9494023023345208
Q6,0.006887771597636239,0.8299576787894204,0.5632024035248271,0.7762744444444444
Q7,0.02289971832817677,0.4587619752319175,0.48057366087571074,0.19972785287539777
Q8,0.012209088638689535,0.7576693751824222,0.47696440257052414,0.4377552097141371
Q9,0.009083947555516088,0.8299576787894204,0.5632024035248271,0.7762744444444444
Q10,0.00742710163807849,0.763897854764939,0.7572688769419182,0.9494023023345208
Q11,0.028471145319416025,0.8106543271652416,0.9218447051984724,0.9373759048616408
Q12,0.017973182996682036,0.763897854764939,0.7572688769419182,0.9494023023345208
Q13,0.01614674591517275,0.8299576787894204,0.5632024035248271,0.7762744444444444
Q0,0.009027946988159589,0.8299576787894204,0.5632024035248271,0.7762744444444444
Q1,0.01613440774679857,0.763897854764939,0.7572688769419182,0.9494023023345208
Q2,0.0131771836915215,0.8106543271652416,0.9218447051984724,0.9373759048616408
Q3,0.0,0.8106543271652416,0.9218447051984724,0.9373759048616408
Q4,0.0074048586810810035,0.8106543271652416,0.9218447051984724,0.9373759048616408
Q5,0.006465290229290818,0.763897854764939,0.7572688769419182,0.9494023023345208
Q6,0.007494825935100437,0.8299576787894204,0.5632024035248271,0.7762744444444444
Q7,0.022748953210199235,0.4587619752319175,0.48057366087571074,0.19972785287539777
Q8,0.009336071667627843,0.7576693751824222,0.47696440257052414,0.4377552097141371
Q9,0.009183107105797865,0.8299576787894204,0.5632024035248271,0.7762744444444444
Q10,0.005903637351281143,0.763897854764939,0.7572688769419182,0.9494023023345208
Q11,0.024506548489360958,0.8106543271652416,0.9218447051984724,0.9373759048616408
Q12,0.014353453647502762,0.763897854764939,0.7572688769419182,0.9494023023345208
Q13,0.01307893336109701,0.8299576787894204,0.5632024035248271,0.7762744444444444
Q0,0.00765410278542949,0.8299576787894204,0.5632024035248271,0.7762744444444444
Q1,0.014827776700863956,0.763897854764939,0.7572688769419182,0.9494023023345208
Q2,0.013159560284072966,0.8106543271652416,0.9218447051984724,0.9373759048616408
Q3,0.0,0.8106543271652416,0.9218447051984724,0.9373759048616408
Q4,0.009115901023227907,0.8106543271652416,0.9218447051984724,0.9373759048616408
Q5,0.00845917412427374,0.763897854764939,0.7572688769419182,0.9494023023345208
Q6,0.007005881359291211,0.8299576787894204,0.5632024035248271,0.7762744444444444
Q7,0.02052764013132271,0.4587619752319175,0.48057366087571074,0.19972785287539777
Q8,0.009154979316505258,0.7576693751824222,0.47696440257052414,0.4377552097141371
Q9,0.008957963716119328,0.8299576787894204,0.5632024035248271,0.7762744444444444
Q10,0.007866741157423678,0.763897854764939,0.7572688769419182,0.9494023023345208
Q11,0.024041055774147495,0.8106543271652416,0.9218447051984724,0.9373759048616408
Q12,0.015465838983291801,0.763897854764939,0.7572688769419182,0.9494023023345208
Q13,0.014773095851038448,0.8299576787894204,0.5632024035248271,0.7762744444444444
Q0,0.0034697525410923376,0.7576693751824222,0.47696440257052414,0.4377552097141371
Q1,0.005965630179166322,0.8299576787894204,0.5632024035248271,0.7762744444444444
Q2,0.005329086018181989,0.763897854764939,0.7572688769419182,0.9494023023345208
Q3,0.009412221471983926,0.8106543271652416,0.9218447051984724,0.9373759048616408
Q4,0.0,0.8106543271652416,0.9218447051984724,0.9373759048616408
Q5,0.004714218599257118,0.8106543271652416,0.9218447051984724,0.9373759048616408
Q6,0.002543734198526573,0.763897854764939,0.7572688769419182,0.9494023023345208
Q7,0.006144765974094124,0.7576693751824222,0.47696440257052414,0.4377552097141371
Q8,0.003908763351316098,0.8299576787894204,0.5632024035248271,0.7762744444444444
Q9,0.0040823580508931945,0.763897854764939,0.7572688769419182,0.9494023023345208
Q10,0.004116618780332766,0.8106543271652416,0.9218447051984724,0.9373759048616408
Q11,0.010650541769894271,0.8106543271652416,0.9218447051984724,0.9373759048616408
Q12,0.007385952117242373,0.8299576787894204,0.5632024035248271,0.7762744444444444
Q13,0.006022899211942667,0.7576693751824222,0.47696440257052414,0.4377552097141371
Q0,0.0030306719563521047,0.7576693751824222,0.47696440257052414,0.4377552097141371
Q1,0.007720389115301831,0.8299576787894204,0.5632024035248271,0.7762744444444444
Q2,0.005143136995592508,0.763897854764939,0.7572688769419182,0.9494023023345208
Q3,0.00903977453781479,0.8106543271652416,0.9218447051984724,0.9373759048616408
Q4,0.0,0.8106543271652416,0.9218447051984724,0.9373759048616408
Q5,0.003558268356883149,0.8106543271652416,0.9218447051984724,0.9373759048616408
Q6,0.0021322115278951535,0.763897854764939,0.7572688769419182,0.9494023023345208
Q7,0.007566490906769149,0.7576693751824222,0.47696440257052414,0.4377552097141371
Q8,0.003093441479977632,0.8299576787894204,0.5632024035248271,0.7762744444444444
Q9,0.003947630809556592,0.763897854764939,0.7572688769419182,0.9494023023345208
Q10,0.0034381211532871774,0.8106543271652416,0.9218447051984724,0.9373759048616408
Q11,0.009883528156857831,0.8106543271652416,0.9218447051984724,0.9373759048616408
Q12,0.006802330249946955,0.8299576787894204,0.5632024035248271,0.7762744444444444
Q13,0.005549612127868153,0.7576693751824222,0.47696440257052414,0.4377552097141371
Q0,0.003968316413119454,0.7576693751824222,0.47696440257052414,0.4377552097141371
Q1,0.007626642701343744,0.8299576787894204,0.5632024035248271,0.7762744444444444
Q2,0.009241149174025043,0.763897854764939,0.7572688769419182,0.9494023023345208
Q3,0.010410947011642874,0.8106543271652416,0.9218447051984724,0.9373759048616408
Q4,0.0,0.8106543271652416,0.9218447051984724,0.9373759048616408
Q5,0.0031786611821271182,0.8106543271652416,0.9218447051984724,0.9373759048616408
Q6,0.002484526739711603,0.763897854764939,0.7572688769419182,0.9494023023345208
Q7,0.008849321255783443,0.7576693751824222,0.47696440257052414,0.4377552097141371
Q8,0.00422597667326172,0.8299576787894204,0.5632024035248271,0.7762744444444444
Q9,0.004078698079599252,0.763897854764939,0.7572688769419182,0.9494023023345208
Q10,0.003350694987102895,0.8106543271652416,0.9218447051984724,0.9373759048616408
Q11,0.01177521273561325,0.8106543271652416,0.9218447051984724,0.9373759048616408
Q12,0.007288441863190172,0.8299576787894204,0.5632024035248271,0.7762744444444444
Q13,0.008214080587044837,0.7576693751824222,0.47696440257052414,0.4377552097141371
Q0,0.0018549088199627045,0.7576693751824222,0.47696440257052414,0.4377552097141371
Q1,0.006855331926560137,0.8299576787894204,0.5632024035248271,0.7762744444444444
Q2,0.004689489733429089,0.763897854764939,0.7572688769419182,0.9494023023345208
Q3,0.009311703413616942,0.8106543271652416,0.9218447051984724,0.9373759048616408
Q4,0.0,0.8106543271652416,0.9218447051984724,0.9373759048616408
Q5,0.003576683473034683,0.8106543271652416,0.9218447051984724,0.9373759048616408
Q6,0.0022104793320508616,0.763897854764939,0.7572688769419182,0.9494023023345208
Q7,0.006147856049517245,0.7576693751824222,0.47696440257052414,0.4377552097141371
Q8,0.004093669785884435,0.8299576787894204,0.5632024035248271,0.7762744444444444
Q9,0.0030623861635722754,0.763897854764939,0.7572688769419182,0.9494023023345208
Q10,0.001770067047078109,0.8106543271652416,0.9218447051984724,0.9373759048616408
Q11,0.00979375397191044,0.8106543271652416,0.9218447051984724,0.9373759048616408
Q12,0.007349133180225057,0.8299576787894204,0.5632024035248271,0.7762744444444444
Q13,0.006010510416642348,0.7576693751824222,0.47696440257052414,0.4377552097141371
Q0,0.0018502629504605257,0.7576693751824222,0.47696440257052414,0.4377552097141371
Q1,0.006010580113816706,0.8299576787894204,0.5632024035248271,0.7762744444444444
Q2,0.0061265433498830565,0.763897854764939,0.7572688769419182,0.9494023023345208
Q3,0.0074048586810810035,0.8106543271652416,0.9218447051984724,0.9373759048616408
Q4,0.0,0.8106543271652416,0.9218447051984724,0.9373759048616408
Q5,0.0027211995736829853,0.8106543271652416,0.9218447051984724,0.9373759048616408
Q6,0.0021546173984832288,0.763897854764939,0.7572688769419182,0.9494023023345208
Q7,0.00616348296751111,0.7576693751824222,0.47696440257052414,0.4377552097141371
Q8,0.003537271749482111,0.8299576787894204,0.5632024035248271,0.7762744444444444
Q9,0.003626508233987383,0.763897854764939,0.7572688769419182,0.9494023023345208
Q10,0.0026570086067826525,0.8106543271652416,0.9218447051984724,0.9373759048616408
Q11,0.009045739499877374,0.8106543271652416,0.9218447051984724,0.9373759048616408
Q12,0.0060732500483294235,0.8299576787894204,0.5632024035248271,0.7762744444444444
Q13,0.004534463262763654,0.7576693751824222,0.47696440257052414,0.4377552097141371
Q0,0.002834782536197425,0.7576693751824222,0.47696440257052414,0.4377552097141371
Q1,0.006835714807237747,0.8299576787894204,0.5632024035248271,0.7762744444444444
Q2,0.006105881054222337,0.763897854764939,0.7572688769419182,0.9494023023345208
Q3,0.009115901023227907,0.8106543271652416,0.9218447051984724,0.9373759048616408
Q4,0.0,0.8106543271652416,0.9218447051984724,0.9373759048616408
Q5,0.0035498062369970105,0.8106543271652416,0.9218447051984724,0.9373759048616408
Q6,0.002305113839333484,0.763897854764939,0.7572688769419182,0.9494023023345208
Q7,0.006974383430735013,0.7576693751824222,0.47696440257052414,0.4377552097141371
Q8,0.003771824607984399,0.8299576787894204,0.5632024035248271,0.7762744444444444
Q9,0.0037595162675217396,0.763897854764939,0.7572688769419182,0.9494023023345208
Q10,0.00306650211491672,0.8106543271652416,0.9218447051984724,0.9373759048616408
Q11,0.010229755226830634,0.8106543271652416,0.9218447051984724,0.9373759048616408
Q12,0.006979821491786796,0.8299576787894204,0.5632024035248271,0.7762744444444444
Q13,0.006066313121252332,0.7576693751824222,0.47696440257052414,0.4377552097141371
Q0,0.0035084951464780557,0.4587619752319175,0.48057366087571074,0.19972785287539777
Q1,0.005145295911653104,0.7576693751824222,0.47696440257052414,0.4377552097141371
Q2,0.005951123137825016,0.8299576787894204,0.5632024035248271,0.7762744444444444
Q3,0.009455077219963097,0.763897854764939,0.7572688769419182,0.9494023023345208
Q4,0.004714218599257118,0.8106543271652416,0.9218447051984724,0.9373759048616408
Q5,0.0,0.8106543271652416,0.9218447051984724,0.9373759048616408
Q6,0.003143245096949874,0.8106543271652416,0.9218447051984724,0.9373759048616408
Q7,0.006498464488587057,0.8299576787894204,0.5632024035248271,0.7762744444444444
Q8,0.0038098174250665133,0.763897854764939,0.7572688769419182,0.9494023023345208
Q9,0.0034510103488438197,0.8106543271652416,0.9218447051984724,0.9373759048616408
Q10,0.002983996533098168,0.763897854764939,0.7572688769419182,0.9494023023345208
Q11,0.01074898408587839,0.763897854764939,0.7572688769419182,0.9494023023345208
Q12,0.006358178518315479,0.7576693751824222,0.47696440257052414,0.4377552097141371
Q13,0.006573629027139512,0.4587619752319175,0.48057366087571074,0.19972785287539777
Q0,0.0022469464202858206,0.4587619752319175,0.48057366087571074,0.19972785287539777
Q1,0.006183027111474087,0.7576693751824222,0.47696440257052414,0.4377552097141371
Q2,0.003494402124446368,0.8299576787894204,0.5632024035248271,0.7762744444444444
Q3,0.0066004886334697244,0.763897854764939,0.7572688769419182,0.9494023023345208
Q4,0.003558268356883149,0.8106543271652416,0.9218447051984724,0.9373759048616408
Q5,0.0,0.8106543271652416,0.9218447051984724,0.9373759048616408
Q6,0.002498236388950085,0.8106543271652416,0.9218447051984724,0.9373759048616408
Q7,0.005913484561184274,0.8299576787894204,0.5632024035248271,0.7762744444444444
Q8,0.002758830342595206,0.763897854764939,0.7572688769419182,0.9494023023345208
Q9,0.002904799329654077,0.8106543271652416,0.9218447051984724,0.9373759048616408
Q10,0.00213108177642344,0.763897854764939,0.7572688769419182,0.9494023023345208
Q11,0.008005325675666817,0.763897854764939,0.7572688769419182,0.9494023023345208
Q12,0.0056720855068847905,0.7576693751824222,0.47696440257052414,0.4377552097141371
Q13,0.003663409953592794,0.4587619752319175,0.48057366087571074,0.19972785287539777
Q0,0.0019069688290949851,0.4587619752319175,0.48057366087571074,0.19972785287539777
Q1,0.005189323719179827,0.7576693751824222,0.47696440257052414,0.4377552097141371
Q2,0.00686689141426182,0.8299576787894204,0.5632024035248271,0.7762744444444444
Q3,0.00722622842208252,0.763897854764939,0.7572688769419182,0.9494023023345208
Q4,0.0031786611821271182,0.8106543271652416,0.9218447051984724,0.9373759048616408
Q5,0.0,0.8106543271652416,0.9218447051984724,0.9373759048616408
Q6,0.002559820228510982,0.8106543271652416,0.9218447051984724,0.9373759048616408
Q7,0.006451662582363043,0.8299576787894204,0.5632024035248271,0.7762744444444444
Q8,0.0028130685263750067,0.763897854764939,0.7572688769419182,0.9494023023345208
Q9,0.003669650909354875,0.8106543271652416,0.9218447051984724,0.9373759048616408
Q10,0.002787273044346919,0.763897854764939,0.7572688769419182,0.9494023023345208
Q11,0.008452427998096928,0.763897854764939,0.7572688769419182,0.9494023023345208
Q12,0.006073796643558107,0.7576693751824222,0.47696440257052414,0.4377552097141371
Q13,0.0063663561332376615,0.4587619752319175,0.48057366087571074,0.19972785287539777
Q0,0.002342127124225651,0.4587619752319175,0.48057366087571074,0.19972785287539777
Q1,0.007639142561993834,0.7576693751824222,0.47696440257052414,0.4377552097141371
Q2,0.0049658161609382806,0.8299576787894204,0.5632024035248271,0.7762744444444444
Q3,0.012548786116562537,0.763897854764939,0.7572688769419182,0.9494023023345208
Q4,0.0035766834730346824,0.8106543271652416,0.9218447051984724,0.9373759048616408
Q5,0.0,0.8106543271652416,0.9218447051984724,0.9373759048616408
Q6,0.0027659906089459374,0.8106543271652416,0.9218447051984724,0.9373759048616408
Q7,0.008413604667763452,0.8299576787894204,0.5632024035248271,0.7762744444444444
Q8,0.005792516389598437,0.763897854764939,0.7572688769419182,0.9494023023345208
Q9,0.0038786691361378427,0.8106543271652416,0.9218447051984724,0.9373759048616408
Q10,0.0024474885541560243,0.763897854764939,0.7572688769419182,0.9494023023345208
Q11,0.011410163537245199,0.763897854764939,0.7572688769419182,0.9494023023345208
Q12,0.008311319343727143,0.7576693751824222,0.47696440257052414,0.4377552097141371
Q13,0.006296824849681205,0.4587619752319175,0.48057366087571074,0.19972785287539777
Q0,0.0019438277129968976,0.4587619752319175,0.48057366087571074,0.19972785287539777
Q1,0.0046199834984665894,0.7576693751824222,0.47696440257052414,0.4377552097141371
Q2,0.004534072729130598,0.8299576787894204,0.5632024035248271,0.7762744444444444
Q3,0.006465290229290818,0.763897854764939,0.7572688769419182,0.9494023023345208
Q4,0.0027211995736829853,0.8106543271652416,0.9218447051984724,0.9373759048616408
Q5,0.0,0.8106543271652416,0.9218447051984724,0.9373759048616408
Q6,0.0026409465762887493,0.8106543271652416,0.9218447051984724,0.9373759048616408
Q7,0.006095863481016969,0.8299576787894204,0.5632024035248271,0.7762744444444444
Q8,0.0027051765241378448,0.763897854764939,0.7572688769419182,0.9494023023345208
Q9,0.002523202228778009,0.8106543271652416,0.9218447051984724,0.9373759048616408
Q10,0.0018493122534128422,0.763897854764939,0.7572688769419182,0.9494023023345208
Q11,0.007521880353570706,0.763897854764939,0.7572688769419182,0.9494023023345208
Q12,0.003939187403284166,0.7576693751824222,0.47696440257052414,0.4377552097141371
Q13,0.004617299639811578,0.4587619752319175,0.48057366087571074,0.19972785287539777
Q0,0.0023896730466162817,0.4587619752319175,0.48057366087571074,0.19972785287539777
Q1,0.005755354560553488,0.7576693751824222,0.47696440257052414,0.4377552097141371
Q2,0.005162461113320417,0.8299576787894204,0.5632024035248271,0.7762744444444444
Q3,0.00845917412427374,0.763897854764939,0.7572688769419182,0.9494023023345208
Q4,0.0035498062369970105,0.8106543271652416,0.9218447051984724,0.9373759048616408
Q5,0.0,0.8106543271652416,0.9218447051984724,0.9373759048616408
Q6,0.002721647779929126,0.8106543271652416,0.9218447051984724,0.9373759048616408
Q7,0.006674615956182959,0.8299576787894204,0.5632024035248271,0.7762744444444444
Q8,0.003575881841554601,0.763897854764939,0.7572688769419182,0.9494023023345208
Q9,0.0032854663905537247,0.8106543271652416,0.9218447051984724,0.9373759048616408
Q10,0.0024398304322874784,0.763897854764939,0.7572688769419182,0.9494023023345208
Q11,0.009227756330091607,0.763897854764939,0.7572688769419182,0.9494023023345208
Q12,0.006070913483153938,0.7576693751824222,0.47696440257052414,0.4377552097141371
Q13,0.00550350392069255,0.4587619752319175,0.48057366087571074,0.19972785287539777
Q0,0.001816441271975634,0.17004232121057958,0.43679759647517286,0.2237255555555555
Q1,0.004164006964313305,0.4587619752319175,0.48057366087571074,0.19972785287539777
Q2,0.00490006222980602,0.7576693751824222,0.47696440257052414,0.4377552097141371
Q3,0.007024047561286223,0.8299576787894204,0.5632024035248271,0.7762744444444444
Q4,0.002543734198526573,0.763897854764939,0.7572688769419182,0.9494023023345208
Q5,0.003143245096949874,0.8106543271652416,0.9218447051984724,0.9373759048616408
Q6,0.0,0.8106543271652416,0.9218447051984724,0.9373759048616408
Q7,0.0060538326703013035,0.763897854764939,0.7572688769419182,0.9494023023345208
Q8,0.003248516176557673,0.8106543271652416,0.9218447051984724,0.9373759048616408
Q9,0.0022677574459135656,0.763897854764939,0.7572688769419182,0.9494023023345208
Q10,0.0019127006950672286,0.8299576787894204,0.5632024035248271,0.7762744444444444
Q11,0.00719415032845039,0.8299576787894204,0.5632024035248271,0.7762744444444444
Q12,0.004263209103558752,0.4587619752319175,0.48057366087571074,0.19972785287539777
Q13,0.0038297300974500428,0.17004232121057958,0.43679759647517286,0.2237255555555555
Q0,0.0014953904136158886,0.17004232121057958,0.43679759647517286,0.2237255555555555
Q1,0.0051793149102402816,0.4587619752319175,0.48057366087571074,0.19972785287539777
Q2,0.0029578721039353914,0.7576693751824222,0.47696440257052414,0.4377552097141371
Q3,0.007232600091648705,0.8299576787894204,0.5632024035248271,0.7762744444444444
Q4,0.0021322115278951535,0.763897854764939,0.7572688769419182,0.9494023023345208
Q5,0.0024982363889500853,0.8106543271652416,0.9218447051984724,0.9373759048616408
Q6,0.0,0.8106543271652416,0.9218447051984724,0.9373759048616408
Q7,0.005614470220552672,0.763897854764939,0.7572688769419182,0.9494023023345208
Q8,0.002186702292067634,0.8106543271652416,0.9218447051984724,0.9373759048616408
Q9,0.0017339230351511893,0.763897854764939,0.7572688769419182,0.9494023023345208
Q10,0.0019025583027114795,0.8299576787894204,0.5632024035248271,0.7762744444444444
Q11,0.006905119285961444,0.8299576787894204,0.5632024035248271,0.7762744444444444
Q12,0.004510163462071733,0.4587619752319175,0.48057366087571074,0.19972785287539777
Q13,0.004461499191644472,0.17004232121057958,0.43679759647517286,0.2237255555555555
Q0,0.0016693785010602805,0.17004232121057958,0.43679759647517286,0.2237255555555555
Q1,0.003896854932808137,0.4587619752319175,0.48057366087571074,0.19972785287539777
Q2,0.004914134056949033,0.7576693751824222,0.47696440257052414,0.4377552097141371
Q3,0.006390161610784447,0.8299576787894204,0.5632024035248271,0.7762744444444444
Q4,0.002484526739711603,0.763897854764939,0.7572688769419182,0.9494023023345208
Q5,0.002559820228510982,0.8106543271652416,0.9218447051984724,0.9373759048616408
Q6,0.0,0.8106543271652416,0.9218447051984724,0.9373759048616408
Q7,0.004997000576082368,0.763897854764939,0.7572688769419182,0.9494023023345208
Q8,0.002040958721961432,0.8106543271652416,0.9218447051984724,0.9373759048616408
Q9,0.002611176694676774,0.763897854764939,0.7572688769419182,0.9494023023345208
Q10,0.0020969845120290052,0.8299576787894204,0.5632024035248271,0.7762744444444444
Q11,0.006443323460762024,0.8299576787894204,0.5632024035248271,0.7762744444444444
Q12,0.005035938026731311,0.4587619752319175,0.48057366087571074,0.19972785287539777
Q13,0.004873336582673403,0.17004232121057958,0.43679759647517286,0.2237255555555555
Q0,0.0012801884093747026,0.17004232121057958,0.43679759647517286,0.2237255555555555
Q1,0.0053850685525566626,0.4587619752319175,0.48057366087571074,0.19972785287539777
Q2,0.00471369066182982,0.7576693751824222,0.47696440257052414,0.4377552097141371
Q3,0.006887771597636239,0.8299576787894204,0.5632024035248271,0.7762744444444444
Q4,0.002210479332050862,0.763897854764939,0.7572688769419182,0.9494023023345208
Q5,0.0027659906089459374,0.8106543271652416,0.9218447051984724,0.9373759048616408
Q6,0.0,0.8106543271652416,0.9218447051984724,0.9373759048616408
Q7,0.005532247783559943,0.763897854764939,0.7572688769419182,0.9494023023345208
Q8,0.002051459528270898,0.8106543271652416,0.9218447051984724,0.9373759048616408
Q9,0.003044813141309393,0.763897854764939,0.7572688769419182,0.9494023023345208
Q10,0.0017678581132867268,0.8299576787894204,0.5632024035248271,0.7762744444444444
Q11,0.006777751628466848,0.8299576787894204,0.5632024035248271,0.7762744444444444
Q12,0.005242831241035605,0.4587619752319175,0.48057366087571074,0.19972785287539777
Q13,0.0036242715495225127,0.17004232121057958,0.43679759647517286,0.2237255555555555
Q0,0.0022086007239269854,0.17004232121057958,0.43679759647517286,0.2237255555555555
Q1,0.0053889489391054125,0.4587619752319175,0.48057366087571074,0.19972785287539777
Q2,0.004231258027369884,0.7576693751824222,0.47696440257052414,0.4377552097141371
Q3,0.0074948259351004356,0.8299576787894204,0.5632024035248271,0.7762744444444444
Q4,0.0021546173984832288,0.763897854764939,0.7572688769419182,0.9494023023345208
Q5,0.0026409465762887493,0.8106543271652416,0.9218447051984724,0.9373759048616408
Q6,0.0,0.8106543271652416,0.9218447051984724,0.9373759048616408
Q7,0.0062237609904820836,0.763897854764939,0.7572688769419182,0.9494023023345208
Q8,0.003063476008946373,0.8106543271652416,0.9218447051984724,0.9373759048616408
Q9,0.002490993057629528,0.763897854764939,0.7572688769419182,0.9494023023345208
Q10,0.0018538838819825965,0.8299576787894204,0.5632024035248271,0.7762744444444444
Q11,0.008506958399892598,0.8299576787894204,0.5632024035248271,0.7762744444444444
Q12,0.004460274670437563,0.4587619752319175,0.48057366087571074,0.19972785287539777
Q13,0.005499843795800673,0.17004232121057958,0.43679759647517286,0.2237255555555555
Q0,0.0016939998639906983,0.17004232121057958,0.43679759647517286,0.2237255555555555
Q1,0.004802838859804761,0.4587619752319175,0.48057366087571074,0.19972785287539777
Q2,0.00434340341597803,0.7576693751824222,0.47696440257052414,0.4377552097141371
Q3,0.007005881359291211,0.8299576787894204,0.5632024035248271,0.7762744444444444
Q4,0.002305113839333484,0.763897854764939,0.7572688769419182,0.9494023023345208
Q5,0.002721647779929126,0.8106543271652416,0.9218447051984724,0.9373759048616408
Q6,0.0,0.8106543271652416,0.9218447051984724,0.9373759048616408
Q7,0.005684262448195674,0.763897854764939,0.7572688769419182,0.9494023023345208
Q8,0.002518222545560802,0.8106543271652416,0.9218447051984724,0.9373759048616408
Q9,0.00242973267493609,0.763897854764939,0.7572688769419182,0.9494023023345208
Q10,0.0019067971010154072,0.8299576787894204,0.5632024035248271,0.7762744444444444
Q11,0.007165460620706661,0.8299576787894204,0.5632024035248271,0.7762744444444444
Q12,0.004702483300766993,0.4587619752319175,0.48057366087571074,0.19972785287539777
Q13,0.004457736243418221,0.17004232121057958,0.43679759647517286,0.2237255555555555
Q0,0.006641875401800737,0.10361479515598847,0.09497494261006116,0.20622110711523312
Q1,0.011784557458578584,0.08259385956193721,0.27284810506762325,0.3077201223179875
Q2,0.011672928440178015,0.17004232121057958,0.43679759647517286,0.2237255555555555
Q3,0.014800786146138951,0.4587619752319175,0.48057366087571074,0.19972785287539777
Q4,0.006144765974094124,0.7576693751824222,0.47696440257052414,0.4377552097141371
Q5,0.006498464488587056,0.8299576787894204,0.5632024035248271,0.7762744444444444
Q6,0.006053832670301302,0.763897854764939,0.7572688769419182,0.9494023023345208
Q7,0.0,0.8106543271652416,0.9218447051984724,0.9373759048616408
Q8,0.007748061175261489,0.8106543271652416,0.9218447051984724,0.9373759048616408
Q9,0.005918580318077027,0.763897854764939,0.7572688769419182,0.9494023023345208
Q10,0.005880985334722691,0.8299576787894204,0.5632024035248271,0.7762744444444444
Q11,0.017120823682537728,0.7576693751824222,0.47696440257052414,0.4377552097141371
Q12,0.008826798554165863,0.4587619752319175,0.48057366087571074,0.19972785287539777
Q13,0.008519961133566442,0.17004232121057958,0.43679759647517286,0.2237255555555555
Q0,0.0046102615753237305,0.10361479515598847,0.09497494261006116,0.20622110711523312
Q1,0.013257309125470419,0.08259385956193721,0.27284810506762325,0.3077201223179875
Q2,0.009352169000838144,0.17004232121057958,0.43679759647517286,0.2237255555555555
Q3,0.019417368661481627,0.4587619752319175,0.48057366087571074,0.19972785287539777
Q4,0.007566490906769147,0.7576693751824222,0.47696440257052414,0.4377552097141371
Q5,0.005913484561184272,0.8299576787894204,0.5632024035248271,0.7762744444444444
Q6,0.005614470220552672,0.763897854764939,0.7572688769419182,0.9494023023345208
Q7,0.0,0.8106543271652416,0.9218447051984724,0.9373759048616408
Q8,0.006172520766885447,0.8106543271652416,0.9218447051984724,0.9373759048616408
Q9,0.005401294292541034,0.763897854764939,0.7572688769419182,0.9494023023345208
Q10,0.007196207774847858,0.8299576787894204,0.5632024035248271,0.7762744444444444
Q11,0.021822635890524522,0.7576693751824222,0.47696440257052414,0.4377552097141371
Q12,0.011966372373021082,0.4587619752319175,0.48057366087571074,0.19972785287539777
Q13,0.011961046268139309,0.17004232121057958,0.43679759647517286,0.2237255555555555
Q0,0.004782433093262565,0.10361479515598847,0.09497494261006116,0.20622110711523312
Q1,0.009935809069506734,0.08259385956193721,0.27284810506762325,0.3077201223179875
Q2,0.014488415198398772,0.17004232121057958,0.43679759647517286,0.2237255555555555
Q3,0.022771374310616956,0.4587619752319175,0.48057366087571074,0.19972785287539777
Q4,0.008849321255783443,0.7576693751824222,0.47696440257052414,0.4377552097141371
Q5,0.006451662582363043,0.8299576787894204,0.5632024035248271,0.7762744444444444
Q6,0.004997000576082367,0.763897854764939,0.7572688769419182,0.9494023023345208
Q7,0.0,0.8106543271652416,0.9218447051984724,0.9373759048616408
Q8,0.005898673794893715,0.8106543271652416,0.9218447051984724,0.9373759048616408
Q9,0.009147486918234913,0.763897854764939,0.7572688769419182,0.9494023023345208
Q10,0.007932135139319877,0.8299576787894204,0.5632024035248271,0.7762744444444444
Q11,0.02106308047416502,0.7576693751824222,0.47696440257052414,0.4377552097141371
Q12,0.012674796384251433,0.4587619752319175,0.48057366087571074,0.19972785287539777
Q13,0.015063797942915753,0.17004232121057958,0.43679759647517286,0.2237255555555555
Q0,0.005778222864517632,0.10361479515598847,0.09497494261006116,0.20622110711523312
Q1,0.012993065605670496,0.08259385956193721,0.27284810506762325,0.3077201223179875
Q2,0.010779065268433545,0.17004232121057958,0.43679759647517286,0.2237255555555555
Q3,0.02289971832817677,0.4587619752319175,0.48057366087571074,0.19972785287539777
Q4,0.006147856049517245,0.7576693751824222,0.47696440257052414,0.4377552097141371
Q5,0.008413604667763452,0.8299576787894204,0.5632024035248271,0.7762744444444444
Q6,0.005532247783559942,0.763897854764939,0.7572688769419182,0.9494023023345208
Q7,0.0,0.8106543271652416,0.9218447051984724,0.9373759048616408
Q8,0.009915049497968889,0.8106543271652416,0.9218447051984724,0.9373759048616408
Q9,0.006444178762988348,0.763897854764939,0.7572688769419182,0.9494023023345208
Q10,0.005974392376656961,0.8299576787894204,0.5632024035248271,0.7762744444444444
Q11,0.020773217931059747,0.7576693751824222,0.47696440257052414,0.4377552097141371
Q12,0.013393190693832846,0.4587619752319175,0.48057366087571074,0.19972785287539777
Q13,0.01091140554755431,0.17004232121057958,0.43679759647517286,0.2237255555555555
Q0,0.0067860863007498575,0.10361479515598847,0.09497494261006116,0.20622110711523312
Q1,0.013248575574100774,0.08259385956193721,0.27284810506762325,0.3077201223179875
Q2,0.01087446113257297,0.17004232121057958,0.43679759647517286,0.2237255555555555
Q3,0.022748953210199235,0.4587619752319175,0.48057366087571074,0.19972785287539777
Q4,0.006163482967511112,0.7576693751824222,0.47696440257052414,0.4377552097141371
Q5,0.006095863481016969,0.8299576787894204,0.5632024035248271,0.7762744444444444
Q6,0.0062237609904820836,0.763897854764939,0.7572688769419182,0.9494023023345208
Q7,0.0,0.8106543271652416,0.9218447051984724,0.9373759048616408
Q8,0.007811797901803467,0.8106543271652416,0.9218447051984724,0.9373759048616408
Q9,0.0075820211637302485,0.763897854764939,0.7572688769419182,0.9494023023345208
Q10,0.005433991930123952,0.8299576787894204,0.5632024035248271,0.7762744444444444
Q11,0.021722899711143866,0.7576693751824222,0.47696440257052414,0.4377552097141371
Q12,0.01246842620780407,0.4587619752319175,0.48057366087571074,0.19972785287539777
Q13,0.011950414598272443,0.17004232121057958,0.43679759647517286,0.2237255555555555
Q0,0.005719775847130905,0.10361479515598847,0.09497494261006116,0.20622110711523312
Q1,0.012243863366665402,0.08259385956193721,0.27284810506762325,0.3077201223179875
Q2,0.01143340780808429,0.17004232121057958,0.43679759647517286,0.2237255555555555
Q3,0.02052764013132271,0.4587619752319175,0.48057366087571074,0.19972785287539777
Q4,0.006974383430735013,0.7576693751824222,0.47696440257052414,0.4377552097141371
Q5,0.006674615956182958,0.8299576787894204,0.5632024035248271,0.7762744444444444
Q6,0.005684262448195674,0.763897854764939,0.7572688769419182,0.9494023023345208
Q7,0.0,0.8106543271652416,0.9218447051984724,0.9373759048616408
Q8,0.007509220627362602,0.8106543271652416,0.9218447051984724,0.9373759048616408
Q9,0.006898712291114313,0.763897854764939,0.7572688769419182,0.9494023023345208
Q10,0.006483542511134267,0.8299576787894204,0.5632024035248271,0.7762744444444444
Q11,0.020500531537886175,0.7576693751824222,0.47696440257052414,0.4377552097141371
Q12,0.011865916842615058,0.4587619752319175,0.48057366087571074,0.19972785287539777
Q13,0.011681325098089652,0.17004232121057958,0.43679759647517286,0.2237255555555555
Q0,0.0038706740441110383,0.08259385956193721,0.27284810506762325,0.3077201223179875
Q1,0.006659302131322859,0.17004232121057958,0.43679759647517286,0.2237255555555555
Q2,0.008514981670731862,0.4587619752319175,0.48057366087571074,0.19972785287539777
Q3,0.010288974863562462,0.7576693751824222,0.47696440257052414,0.4377552097141371
Q4,0.003908763351316098,0.8299576787894204,0.5632024035248271,0.7762744444444444
Q5,0.0038098174250665133,0.763897854764939,0.7572688769419182,0.9494023023345208
Q6,0.003248516176557673,0.8106543271652416,0.9218447051984724,0.9373759048616408
Q7,0.007748061175261489,0.8106543271652416,0.9218447051984724,0.9373759048616408
Q8,0.0,0.8106543271652416,0.9218447051984724,0.9373759048616408
Q9,0.004978268118846456,0.8106543271652416,0.9218447051984724,0.9373759048616408
Q10,0.004341461749386807,0.763897854764939,0.7572688769419182,0.9494023023345208
Q11,0.010780788711085926,0.8299576787894204,0.5632024035248271,0.7762744444444444
Q12,0.007020475993111108,0.7576693751824222,0.47696440257052414,0.4377552097141371
Q13,0.005770713420574862,0.4587619752319175,0.48057366087571074,0.19972785287539777
Q0,0.0021987875371120126,0.08259385956193721,0.27284810506762325,0.3077201223179875
Q1,0.006796334034426366,0.17004232121057958,0.43679759647517286,0.2237255555555555
Q2,0.0031521092286508107,0.4587619752319175,0.48057366087571074,0.19972785287539777
Q3,0.007838946516762852,0.7576693751824222,0.47696440257052414,0.4377552097141371
Q4,0.0030934414799776325,0.8299576787894204,0.5632024035248271,0.7762744444444444
Q5,0.002758830342595206,0.763897854764939,0.7572688769419182,0.9494023023345208
Q6,0.002186702292067634,0.8106543271652416,0.9218447051984724,0.9373759048616408
Q7,0.0061725207668854466,0.8106543271652416,0.9218447051984724,0.9373759048616408
Q8,0.0,0.8106543271652416,0.9218447051984724,0.9373759048616408
Q9,0.0032057864153997783,0.8106543271652416,0.9218447051984724,0.9373759048616408
Q10,0.002586939917874647,0.763897854764939,0.7572688769419182,0.9494023023345208
Q11,0.008390079365530934,0.8299576787894204,0.5632024035248271,0.7762744444444444
Q12,0.005673143934529657,0.7576693751824222,0.47696440257052414,0.4377552097141371
Q13,0.006238498699350246,0.4587619752319175,0.48057366087571074,0.19972785287539777
Q0,0.0033178633661104153,0.08259385956193721,0.27284810506762325,0.3077201223179875
Q1,0.005358153916471789,0.17004232121057958,0.43679759647517286,0.2237255555555555
Q2,0.00509375473646497,0.4587619752319175,0.48057366087571074,0.19972785287539777
Q3,0.006101814895883601,0.7576693751824222,0.47696440257052414,0.4377552097141371
Q4,0.00422597667326172,0.8299576787894204,0.5632024035248271,0.7762744444444444
Q5,0.0028130685263750067,0.763897854764939,0.7572688769419182,0.9494023023345208
Q6,0.002040958721961432,0.8106543271652416,0.9218447051984724,0.9373759048616408
Q7,0.005898673794893715,0.8106543271652416,0.9218447051984724,0.9373759048616408
Q8,0.0,0.8106543271652416,0.9218447051984724,0.9373759048616408
Q9,0.0029800299136085034,0.8106543271652416,0.9218447051984724,0.9373759048616408
Q10,0.0027064951042714337,0.763897854764939,0.7572688769419182,0.9494023023345208
Q11,0.007787874432443875,0.8299576787894204,0.5632024035248271,0.7762744444444444
Q12,0.005706628938829136,0.7576693751824222,0.47696440257052414,0.4377552097141371
Q13,0.0051853134042295565,0.4587619752319175,0.48057366087571074,0.19972785287539777
Q0,0.003731594199662744,0.08259385956193721,0.27284810506762325,0.3077201223179875
Q1,0.007068053550811531,0.17004232121057958,0.43679759647517286,0.2237255555555555
Q2,0.005965225884883618,0.4587619752319175,0.48057366087571074,0.19972785287539777
Q3,0.012209088638689535,0.7576693751824222,0.47696440257052414,0.4377552097141371
Q4,0.004093669785884435,0.8299576787894204,0.5632024035248271,0.7762744444444444
Q5,0.005792516389598439,0.763897854764939,0.7572688769419182,0.9494023023345208
Q6,0.002051459528270898,0.8106543271652416,0.9218447051984724,0.9373759048616408
Q7,0.009915049497968889,0.8106543271652416,0.9218447051984724,0.9373759048616408
Q8,0.0,0.8106543271652416,0.9218447051984724,0.9373759048616408
Q9,0.004678095244839051,0.8106543271652416,0.9218447051984724,0.9373759048616408
Q10,0.003069743752774164,0.763897854764939,0.7572688769419182,0.9494023023345208
Q11,0.011741369097721948,0.8299576787894204,0.5632024035248271,0.7762744444444444
Q12,0.009305529592114179,0.7576693751824222,0.47696440257052414,0.4377552097141371
Q13,0.006146411338498771,0.4587619752319175,0.48057366087571074,0.19972785287539777
Q0,0.0032722742201488205,0.08259385956193721,0.27284810506762325,0.3077201223179875
Q1,0.006695241936777203,0.17004232121057958,0.43679759647517286,0.2237255555555555
Q2,0.005408167346838929,0.4587619752319175,0.48057366087571074,0.19972785287539777
Q3,0.009336071667627842,0.7576693751824222,0.47696440257052414,0.4377552097141371
Q4,0.0035372717494821107,0.8299576787894204,0.5632024035248271,0.7762744444444444
Q5,0.0027051765241378448,0.763897854764939,0.7572688769419182,0.9494023023345208
Q6,0.0030634760089463735,0.8106543271652416,0.9218447051984724,0.9373759048616408
Q7,0.007811797901803467,0.8106543271652416,0.9218447051984724,0.9373759048616408
Q8,0.0,0.8106543271652416,0.9218447051984724,0.9373759048616408
Q9,0.0031744138266867595,0.8106543271652416,0.9218447051984724,0.9373759048616408
Q10,0.0037385273688893355,0.763897854764939,0.7572688769419182,0.9494023023345208
Q11,0.009600647716968379,0.8299576787894204,0.5632024035248271,0.7762744444444444
Q12,0.005463662440975078,0.7576693751824222,0.47696440257052414,0.4377552097141371
Q13,0.0053914599762224505,0.4587619752319175,0.48057366087571074,0.19972785287539777
Q0,0.0032782386734290063,0.08259385956193721,0.27284810506762325,0.3077201223179875
Q1,0.006515417113961949,0.17004232121057958,0.43679759647517286,0.2237255555555555
Q2,0.0056268477735140375,0.4587619752319175,0.48057366087571074,0.19972785287539777
Q3,0.009154979316505258,0.7576693751824222,0.47696440257052414,0.4377552097141371
Q4,0.003771824607984399,0.8299576787894204,0.5632024035248271,0.7762744444444444
Q5,0.003575881841554602,0.763897854764939,0.7572688769419182,0.9494023023345208
Q6,0.0025182225455608023,0.8106543271652416,0.9218447051984724,0.9373759048616408
Q7,0.007509220627362602,0.8106543271652416,0.9218447051984724,0.9373759048616408
Q8,0.0,0.8106543271652416,0.9218447051984724,0.9373759048616408
Q9,0.0038033187038761093,0.8106543271652416,0.9218447051984724,0.9373759048616408
Q10,0.003288633578639277,0.763897854764939,0.7572688769419182,0.9494023023345208
Q11,0.009660151864750211,0.8299576787894204,0.5632024035248271,0.7762744444444444
Q12,0.006633888179911831,0.7576693751824222,0.47696440257052414,0.4377552097141371
Q13,0.005746479367775178,0.4587619752319175,0.48057366087571074,0.19972785287539777
Q0,0.0029085013731081064,0.17004232121057958,0.43679759647517286,0.2237255555555555
Q1,0.0053345737675085415,0.4587619752319175,0.48057366087571074,0.19972785287539777
Q2,0.00699641801301152,0.7576693751824222,0.47696440257052414,0.4377552097141371
Q3,0.008167686832069197,0.8299576787894204,0.5632024035248271,0.7762744444444444
Q4,0.004082358050893195,0.763897854764939,0.7572688769419182,0.9494023023345208
Q5,0.0034510103488438197,0.8106543271652416,0.9218447051984724,0.9373759048616408
Q6,0.0022677574459135656,0.763897854764939,0.7572688769419182,0.9494023023345208
Q7,0.005918580318077027,0.763897854764939,0.7572688769419182,0.9494023023345208
Q8,0.004978268118846456,0.8106543271652416,0.9218447051984724,0.9373759048616408
Q9,0.0,0.8106543271652416,0.9218447051984724,0.9373759048616408
Q10,0.003556265399533076,0.8106543271652416,0.9218447051984724,0.9373759048616408
Q11,0.008993818888518293,0.763897854764939,0.7572688769419182,0.9494023023345208
Q12,0.005922172857320198,0.8299576787894204,0.5632024035248271,0.7762744444444444
Q13,0.005464902520399512,0.7576693751824222,0.47696440257052414,0.4377552097141371
Q0,0.0014943247769169667,0.17004232121057958,0.43679759647517286,0.2237255555555555
Q1,0.006184788939503849,0.4587619752319175,0.48057366087571074,0.19972785287539777
Q2,0.0041311763289505875,0.7576693751824222,0.47696440257052414,0.4377552097141371
Q3,0.008143067688139946,0.8299576787894204,0.5632024035248271,0.7762744444444444
Q4,0.003947630809556592,0.763897854764939,0.7572688769419182,0.9494023023345208
Q5,0.002904799329654077,0.8106543271652416,0.9218447051984724,0.9373759048616408
Q6,0.001733923035151189,0.763897854764939,0.7572688769419182,0.9494023023345208
Q7,0.005401294292541033,0.763897854764939,0.7572688769419182,0.9494023023345208
Q8,0.003205786415399779,0.8106543271652416,0.9218447051984724,0.9373759048616408
Q9,0.0,0.8106543271652416,0.9218447051984724,0.9373759048616408
Q10,0.0031380696508505283,0.8106543271652416,0.9218447051984724,0.9373759048616408
Q11,0.008555811166453943,0.763897854764939,0.7572688769419182,0.9494023023345208
Q12,0.008077048757744204,0.8299576787894204,0.5632024035248271,0.7762744444444444
Q13,0.00484089568230304,0.7576693751824222,0.47696440257052414,0.4377552097141371
Q0,0.002180316067719271,0.17004232121057958,0.43679759647517286,0.2237255555555555
Q1,0.005455710810263432,0.4587619752319175,0.48057366087571074,0.19972785287539777
Q2,0.007683647331547936,0.7576693751824222,0.47696440257052414,0.4377552097141371
Q3,0.010212009399073544,0.8299576787894204,0.5632024035248271,0.7762744444444444
Q4,0.004078698079599253,0.763897854764939,0.7572688769419182,0.9494023023345208
Q5,0.003669650909354875,0.8106543271652416,0.9218447051984724,0.9373759048616408
Q6,0.002611176694676774,0.763897854764939,0.7572688769419182,0.9494023023345208
Q7,0.009147486918234913,0.763897854764939,0.7572688769419182,0.9494023023345208
Q8,0.002980029913608504,0.8106543271652416,0.9218447051984724,0.9373759048616408
Q9,0.0,0.8106543271652416,0.9218447051984724,0.9373759048616408
Q10,0.005072188090748517,0.8106543271652416,0.9218447051984724,0.9373759048616408
Q11,0.011614582900915263,0.763897854764939,0.7572688769419182,0.9494023023345208
Q12,0.006953313037356393,0.8299576787894204,0.5632024035248271,0.7762744444444444
Q13,0.008346206515919741,0.7576693751824222,0.47696440257052414,0.4377552097141371
Q0,0.0027417346672329052,0.17004232121057958,0.43679759647517286,0.2237255555555555
Q1,0.006104383839791743,0.4587619752319175,0.48057366087571074,0.19972785287539777
Q2,0.006249895306771708,0.7576693751824222,0.47696440257052414,0.4377552097141371
Q3,0.009083947555516088,0.8299576787894204,0.5632024035248271,0.7762744444444444
Q4,0.003062386163572275,0.763897854764939,0.7572688769419182,0.9494023023345208
Q5,0.0038786691361378427,0.8106543271652416,0.9218447051984724,0.9373759048616408
Q6,0.0030448131413093925,0.763897854764939,0.7572688769419182,0.9494023023345208
Q7,0.006444178762988348,0.763897854764939,0.7572688769419182,0.9494023023345208
Q8,0.004678095244839051,0.8106543271652416,0.9218447051984724,0.9373759048616408
Q9,0.0,0.8106543271652416,0.9218447051984724,0.9373759048616408
Q10,0.002594505151740314,0.8106543271652416,0.9218447051984724,0.9373759048616408
Q11,0.010219410464487795,0.763897854764939,0.7572688769419182,0.9494023023345208
Q12,0.007030680031668986,0.8299576787894204,0.5632024035248271,0.7762744444444444
Q13,0.0067863235227130616,0.7576693751824222,0.47696440257052414,0.4377552097141371
Q0,0.002436624829932719,0.17004232121057958,0.43679759647517286,0.2237255555555555
Q1,0.005542596491444634,0.4587619752319175,0.48057366087571074,0.19972785287539777
Q2,0.005959765857060143,0.7576693751824222,0.47696440257052414,0.4377552097141371
Q3,0.009183107105797863,0.8299576787894204,0.5632024035248271,0.7762744444444444
Q4,0.0036265082339873825,0.763897854764939,0.7572688769419182,0.9494023023345208
Q5,0.002523202228778009,0.8106543271652416,0.9218447051984724,0.9373759048616408
Q6,0.002490993057629528,0.763897854764939,0.7572688769419182,0.9494023023345208
Q7,0.007582021163730248,0.763897854764939,0.7572688769419182,0.9494023023345208
Q8,0.003174413826686759,0.8106543271652416,0.9218447051984724,0.9373759048616408
Q9,0.0,0.8106543271652416,0.9218447051984724,0.9373759048616408
Q10,0.0027572950762791175,0.8106543271652416,0.9218447051984724,0.9373759048616408
Q11,0.00982005036936365,0.763897854764939,0.7572688769419182,0.9494023023345208
Q12,0.006069365435213571,0.8299576787894204,0.5632024035248271,0.7762744444444444
Q13,0.006073311285137586,0.7576693751824222,0.47696440257052414,0.4377552097141371
Q0,0.002352300342981994,0.17004232121057958,0.43679759647517286,0.2237255555555555
Q1,0.00572441076970244,0.4587619752319175,0.48057366087571074,0.19972785287539777
Q2,0.006204180567468379,0.7576693751824222,0.47696440257052414,0.4377552097141371
Q3,0.008957963716119326,0.8299576787894204,0.5632024035248271,0.7762744444444444
Q4,0.003759516267521739,0.763897854764939,0.7572688769419182,0.9494023023345208
Q5,0.0032854663905537247,0.8106543271652416,0.9218447051984724,0.9373759048616408
Q6,0.0024297326749360896,0.763897854764939,0.7572688769419182,0.9494023023345208
Q7,0.006898712291114313,0.763897854764939,0.7572688769419182,0.9494023023345208
Q8,0.0038033187038761093,0.8106543271652416,0.9218447051984724,0.9373759048616408
Q9,0.0,0.8106543271652416,0.9218447051984724,0.9373759048616408
Q10,0.00342366467383031,0.8106543271652416,0.9218447051984724,0.9373759048616408
Q11,0.009840734757947788,0.763897854764939,0.7572688769419182,0.9494023023345208
Q12,0.00681051602386067,0.8299576787894204,0.5632024035248271,0.7762744444444444
Q13,0.006302327905294588,0.7576693751824222,0.47696440257052414,0.4377552097141371
Q0,0.002559765379527354,0.4587619752319175,0.48057366087571074,0.19972785287539777
Q1,0.004319490023634586,0.7576693751824222,0.47696440257052414,0.4377552097141371
Q2,0.006323560214068632,0.8299576787894204,0.5632024035248271,0.7762744444444444
Q3,0.007561339140778158,0.763897854764939,0.7572688769419182,0.9494023023345208
Q4,0.004116618780332766,0.8106543271652416,0.9218447051984724,0.9373759048616408
Q5,0.002983996533098168,0.763897854764939,0.7572688769419182,0.9494023023345208
Q6,0.0019127006950672286,0.8299576787894204,0.5632024035248271,0.7762744444444444
Q7,0.005880985334722691,0.8299576787894204,0.5632024035248271,0.7762744444444444
Q8,0.004341461749386807,0.763897854764939,0.7572688769419182,0.9494023023345208
Q9,0.0035562653995330766,0.8106543271652416,0.9218447051984724,0.9373759048616408
Q10,0.0,0.8106543271652416,0.9218447051984724,0.9373759048616408
Q11,0.0077257977380663125,0.8106543271652416,0.9218447051984724,0.9373759048616408
Q12,0.005411663399642966,0.763897854764939,0.7572688769419182,0.9494023023345208
Q13,0.00490567286734166,0.8299576787894204,0.5632024035248271,0.7762744444444444
Q0,0.0019474459428993549,0.4587619752319175,0.48057366087571074,0.19972785287539777
Q1,0.006700714110406196,0.7576693751824222,0.47696440257052414,0.4377552097141371
Q2,0.005091728189001329,0.8299576787894204,0.5632024035248271,0.7762744444444444
Q3,0.007864260762985721,0.763897854764939,0.7572688769419182,0.9494023023345208
Q4,0.0034381211532871774,0.8106543271652416,0.9218447051984724,0.9373759048616408
Q5,0.0021310817764234394,0.763897854764939,0.7572688769419182,0.9494023023345208
Q6,0.0019025583027114795,0.8299576787894204,0.5632024035248271,0.7762744444444444
Q7,0.007196207774847858,0.8299576787894204,0.5632024035248271,0.7762744444444444
Q8,0.002586939917874647,0.763897854764939,0.7572688769419182,0.9494023023345208
Q9,0.0031380696508505283,0.8106543271652416,0.9218447051984724,0.9373759048616408
Q10,0.0,0.8106543271652416,0.9218447051984724,0.9373759048616408
Q11,0.008575135915113465,0.8106543271652416,0.9218447051984724,0.9373759048616408
Q12,0.0071153078764605695,0.763897854764939,0.7572688769419182,0.9494023023345208
Q13,0.006166344223101725,0.8299576787894204,0.5632024035248271,0.7762744444444444
Q0,0.002104465678905398,0.4587619752319175,0.48057366087571074,0.19972785287539777
Q1,0.005546670310974306,0.7576693751824222,0.47696440257052414,0.4377552097141371
Q2,0.007251064188106473,0.8299576787894204,0.5632024035248271,0.7762744444444444
Q3,0.010577366893994881,0.763897854764939,0.7572688769419182,0.9494023023345208
Q4,0.0033506949871028955,0.8106543271652416,0.9218447051984724,0.9373759048616408
Q5,0.0027872730443469196,0.763897854764939,0.7572688769419182,0.9494023023345208
Q6,0.0020969845120290052,0.8299576787894204,0.5632024035248271,0.7762744444444444
Q7,0.007932135139319877,0.8299576787894204,0.5632024035248271,0.7762744444444444
Q8,0.0027064951042714337,0.763897854764939,0.7572688769419182,0.9494023023345208
Q9,0.005072188090748517,0.8106543271652416,0.9218447051984724,0.9373759048616408
Q10,0.0,0.8106543271652416,0.9218447051984724,0.9373759048616408
Q11,0.011562945405059843,0.8106543271652416,0.9218447051984724,0.9373759048616408
Q12,0.00812742878858089,0.763897854764939,0.7572688769419182,0.9494023023345208
Q13,0.007340393815018554,0.8299576787894204,0.5632024035248271,0.7762744444444444
Q0,0.002044925406493199,0.4587619752319175,0.48057366087571074,0.19972785287539777
Q1,0.0054059234815544855,0.7576693751824222,0.47696440257052414,0.4377552097141371
Q2,0.0038704327457038832,0.8299576787894204,0.5632024035248271,0.7762744444444444
Q3,0.00742710163807849,0.763897854764939,0.7572688769419182,0.9494023023345208
Q4,0.001770067047078109,0.8106543271652416,0.9218447051984724,0.9373759048616408
Q5,0.0024474885541560234,0.763897854764939,0.7572688769419182,0.9494023023345208
Q6,0.0017678581132867268,0.8299576787894204,0.5632024035248271,0.7762744444444444
Q7,0.005974392376656961,0.8299576787894204,0.5632024035248271,0.7762744444444444
Q8,0.0030697437527741635,0.763897854764939,0.7572688769419182,0.9494023023345208
Q9,0.002594505151740314,0.8106543271652416,0.9218447051984724,0.9373759048616408
Q10,0.0,0.8106543271652416,0.9218447051984724,0.9373759048616408
Q11,0.008003045862539497,0.8106543271652416,0.9218447051984724,0.9373759048616408
Q12,0.004168870964545399,0.763897854764939,0.7572688769419182,0.9494023023345208
Q13,0.004623147204895902,0.8299576787894204,0.5632024035248271,0.7762744444444444
Q0,0.0021924569488286022,0.4587619752319175,0.48057366087571074,0.19972785287539777
Q1,0.0046084268905380865,0.7576693751824222,0.47696440257052414,0.4377552097141371
Q2,0.0038448033127532082,0.8299576787894204,0.5632024035248271,0.7762744444444444
Q3,0.005903637351281143,0.763897854764939,0.7572688769419182,0.9494023023345208
Q4,0.0026570086067826525,0.8106543271652416,0.9218447051984724,0.9373759048616408
Q5,0.0018493122534128422,0.763897854764939,0.7572688769419182,0.9494023023345208
Q6,0.0018538838819825965,0.8299576787894204,0.5632024035248271,0.7762744444444444
Q7,0.005433991930123952,0.8299576787894204,0.5632024035248271,0.7762744444444444
Q8,0.0037385273688893355,0.763897854764939,0.7572688769419182,0.9494023023345208
Q9,0.0027572950762791175,0.8106543271652416,0.9218447051984724,0.9373759048616408
Q10,0.0,0.8106543271652416,0.9218447051984724,0.9373759048616408
Q11,0.0069054810442262735,0.8106543271652416,0.9218447051984724,0.9373759048616408
Q12,0.004570085899340212,0.763897854764939,0.7572688769419182,0.9494023023345208
Q13,0.004057710180897134,0.8299576787894204,0.5632024035248271,0.7762744444444444
Q0,0.0021698118713307816,0.4587619752319175,0.48057366087571074,0.19972785287539777
Q1,0.005316244963421532,0.7576693751824222,0.47696440257052414,0.4377552097141371
Q2,0.005276317729926706,0.8299576787894204,0.5632024035248271,0.7762744444444444
Q3,0.007866741157423678,0.763897854764939,0.7572688769419182,0.9494023023345208
Q4,0.00306650211491672,0.8106543271652416,0.9218447051984724,0.9373759048616408
Q5,0.0024398304322874784,0.763897854764939,0.7572688769419182,0.9494023023345208
Q6,0.0019067971010154072,0.8299576787894204,0.5632024035248271,0.7762744444444444
Q7,0.006483542511134267,0.8299576787894204,0.5632024035248271,0.7762744444444444
Q8,0.003288633578639277,0.763897854764939,0.7572688769419182,0.9494023023345208
Q9,0.00342366467383031,0.8106543271652416,0.9218447051984724,0.9373759048616408
Q10,0.0,0.8106543271652416,0.9218447051984724,0.9373759048616408
Q11,0.00855448119300108,0.8106543271652416,0.9218447051984724,0.9373759048616408
Q12,0.005878671385714008,0.763897854764939,0.7572688769419182,0.9494023023345208
Q13,0.005418653658250994,0.8299576787894204,0.5632024035248271,0.7762744444444444
Q0,0.008321379399056972,0.7576693751824222,0.47696440257052414,0.4377552097141371
Q1,0.015317400490840348,0.8299576787894204,0.5632024035248271,0.7762744444444444
Q2,0.015182961447470611,0.763897854764939,0.7572688769419182,0.9494023023345208
Q3,0.020696101314551317,0.8106543271652416,0.9218447051984724,0.9373759048616408
Q4,0.010650541769894271,0.763897854764939,0.7572688769419182,0.9494023023345208
Q5,0.01074898408587839,0.8299576787894204,0.5632024035248271,0.7762744444444444
Q6,0.00719415032845039,0.7576693751824222,0.47696440257052414,0.4377552097141371
Q7,0.017120823682537728,0.7576693751824222,0.47696440257052414,0.4377552097141371
Q8,0.010780788711085926,0.8299576787894204,0.5632024035248271,0.7762744444444444
Q9,0.008993818888518293,0.763897854764939,0.7572688769419182,0.9494023023345208
Q10,0.0077257977380663125,0.8106543271652416,0.9218447051984724,0.9373759048616408
Q11,0.0,0.8106543271652416,0.9218447051984724,0.9373759048616408
Q12,0.014746955020773202,0.8106543271652416,0.9218447051984724,0.9373759048616408
Q13,0.013768818242089845,0.763897854764939,0.7572688769419182,0.9494023023345208
Q0,0.0074288854548691515,0.7576693751824222,0.47696440257052414,0.4377552097141371
Q1,0.01645518527861658,0.8299576787894204,0.5632024035248271,0.7762744444444444
Q2,0.011553914392553375,0.763897854764939,0.7572688769419182,0.9494023023345208
Q3,0.02263840252049977,0.8106543271652416,0.9218447051984724,0.9373759048616408
Q4,0.009883528156857833,0.763897854764939,0.7572688769419182,0.9494023023345208
Q5,0.008005325675666817,0.8299576787894204,0.5632024035248271,0.7762744444444444
Q6,0.006905119285961444,0.7576693751824222,0.47696440257052414,0.4377552097141371
Q7,0.021822635890524526,0.7576693751824222,0.47696440257052414,0.4377552097141371
Q8,0.008390079365530934,0.8299576787894204,0.5632024035248271,0.7762744444444444
Q9,0.008555811166453943,0.763897854764939,0.7572688769419182,0.9494023023345208
Q10,0.008575135915113465,0.8106543271652416,0.9218447051984724,0.9373759048616408
Q11,0.0,0.8106543271652416,0.9218447051984724,0.9373759048616408
Q12,0.01792800816974104,0.8106543271652416,0.9218447051984724,0.9373759048616408
Q13,0.014248321926099585,0.763897854764939,0.7572688769419182,0.9494023023345208
Q0,0.007146742146030922,0.7576693751824222,0.47696440257052414,0.4377552097141371
Q1,0.012661530834375778,0.8299576787894204,0.5632024035248271,0.7762744444444444
Q2,0.017909496492181765,0.763897854764939,0.7572688769419182,0.9494023023345208
Q3,0.02389308122690942,0.8106543271652416,0.9218447051984724,0.9373759048616408
Q4,0.01177521273561325,0.763897854764939,0.7572688769419182,0.9494023023345208
Q5,0.008452427998096928,0.8299576787894204,0.5632024035248271,0.7762744444444444
Q6,0.006443323460762023,0.7576693751824222,0.47696440257052414,0.4377552097141371
Q7,0.02106308047416502,0.7576693751824222,0.47696440257052414,0.4377552097141371
Q8,0.007787874432443875,0.8299576787894204,0.5632024035248271,0.7762744444444444
Q9,0.011614582900915263,0.763897854764939,0.7572688769419182,0.9494023023345208
Q10,0.011562945405059843,0.8106543271652416,0.9218447051984724,0.9373759048616408
Q11,0.0,0.8106543271652416,0.9218447051984724,0.9373759048616408
Q12,0.016882727990916672,0.8106543271652416,0.9218447051984724,0.9373759048616408
Q13,0.019228668912244635,0.763897854764939,0.7572688769419182,0.9494023023345208
Q0,0.0077680315194625996,0.7576693751824222,0.47696440257052414,0.4377552097141371
Q1,0.019327273139593735,0.8299576787894204,0.5632024035248271,0.7762744444444444
Q2,0.013437492491626587,0.763897854764939,0.7572688769419182,0.9494023023345208
Q3,0.028471145319416025,0.8106543271652416,0.9218447051984724,0.9373759048616408
Q4,0.00979375397191044,0.763897854764939,0.7572688769419182,0.9494023023345208
Q5,0.011410163537245197,0.8299576787894204,0.5632024035248271,0.7762744444444444
Q6,0.006777751628466848,0.7576693751824222,0.47696440257052414,0.4377552097141371
Q7,0.020773217931059747,0.7576693751824222,0.47696440257052414,0.4377552097141371
Q8,0.011741369097721948,0.8299576787894204,0.5632024035248271,0.7762744444444444
Q9,0.010219410464487795,0.763897854764939,0.7572688769419182,0.9494023023345208
Q10,0.008003045862539495,0.8106543271652416,0.9218447051984724,0.9373759048616408
Q11,0.0,0.8106543271652416,0.9218447051984724,0.9373759048616408
Q12,0.01888157765135557,0.8106543271652416,0.9218447051984724,0.9373759048616408
Q13,0.015509044297177109,0.763897854764939,0.7572688769419182,0.9494023023345208
Q0,0.009345385627068969,0.7576693751824222,0.47696440257052414,0.4377552097141371
Q1,0.01738738716413405,0.8299576787894204,0.5632024035248271,0.7762744444444444
Q2,0.014940187594127591,0.763897854764939,0.7572688769419182,0.9494023023345208
Q3,0.024506548489360958,0.8106543271652416,0.9218447051984724,0.9373759048616408
Q4,0.009045739499877374,0.763897854764939,0.7572688769419182,0.9494023023345208
Q5,0.007521880353570706,0.8299576787894204,0.5632024035248271,0.7762744444444444
Q6,0.008506958399892597,0.7576693751824222,0.47696440257052414,0.4377552097141371
Q7,0.021722899711143866,0.7576693751824222,0.47696440257052414,0.4377552097141371
Q8,0.009600647716968379,0.8299576787894204,0.5632024035248271,0.7762744444444444
Q9,0.009820050369363648,0.763897854764939,0.7572688769419182,0.9494023023345208
Q10,0.0069054810442262735,0.8106543271652416,0.9218447051984724,0.9373759048616408
Q11,0.0,0.8106543271652416,0.9218447051984724,0.9373759048616408
Q12,0.01494077630042464,0.8106543271652416,0.9218447051984724,0.9373759048616408
Q13,0.014929394688071,0.763897854764939,0.7572688769419182,0.9494023023345208
Q0,0.008002084829297724,0.7576693751824222,0.47696440257052414,0.4377552097141371
Q1,0.016229755381512095,0.8299576787894204,0.5632024035248271,0.7762744444444444
Q2,0.014604810483591987,0.763897854764939,0.7572688769419182,0.9494023023345208
Q3,0.024041055774147495,0.8106543271652416,0.9218447051984724,0.9373759048616408
Q4,0.010229755226830634,0.763897854764939,0.7572688769419182,0.9494023023345208
Q5,0.009227756330091607,0.8299576787894204,0.5632024035248271,0.7762744444444444
Q6,0.00716546062070666,0.7576693751824222,0.47696440257052414,0.4377552097141371
Q7,0.020500531537886175,0.7576693751824222,0.47696440257052414,0.4377552097141371
Q8,0.009660151864750211,0.8299576787894204,0.5632024035248271,0.7762744444444444
Q9,0.009840734757947788,0.763897854764939,0.7572688769419182,0.9494023023345208
Q10,0.008554481193001078,0.8106543271652416,0.9218447051984724,0.9373759048616408
Q11,0.0,0.8106543271652416,0.9218447051984724,0.9373759048616408
Q12,0.016676009026642225,0.8106543271652416,0.9218447051984724,0.9373759048616408
Q13,0.015536849613136432,0.763897854764939,0.7572688769419182,0.9494023023345208
Q0,0.005795126775697497,0.8299576787894204,0.5632024035248271,0.7762744444444444
Q1,0.008621765115475681,0.763897854764939,0.7572688769419182,0.9494023023345208
Q2,0.00931794133043465,0.8106543271652416,0.9218447051984724,0.9373759048616408
Q3,0.012726871083916978,0.763897854764939,0.7572688769419182,0.9494023023345208
Q4,0.007385952117242374,0.8299576787894204,0.5632024035248271,0.7762744444444444
Q5,0.006358178518315479,0.7576693751824222,0.47696440257052414,0.4377552097141371
Q6,0.004263209103558752,0.4587619752319175,0.48057366087571074,0.19972785287539777
Q7,0.008826798554165861,0.4587619752319175,0.48057366087571074,0.19972785287539777
Q8,0.007020475993111108,0.7576693751824222,0.47696440257052414,0.4377552097141371
Q9,0.005922172857320198,0.8299576787894204,0.5632024035248271,0.7762744444444444
Q10,0.005411663399642966,0.763897854764939,0.7572688769419182,0.9494023023345208
Q11,0.014746955020773202,0.8106543271652416,0.9218447051984724,0.9373759048616408
Q12,0.0,0.8106543271652416,0.9218447051984724,0.9373759048616408
Q13,0.007885916055535663,0.8106543271652416,0.9218447051984724,0.9373759048616408
Q0,0.0053959548857541876,0.8299576787894204,0.5632024035248271,0.7762744444444444
Q1,0.013645613897777159,0.763897854764939,0.7572688769419182,0.9494023023345208
Q2,0.008834956615588824,0.8106543271652416,0.9218447051984724,0.9373759048616408
Q3,0.01675150697999668,0.763897854764939,0.7572688769419182,0.9494023023345208
Q4,0.006802330249946956,0.8299576787894204,0.5632024035248271,0.7762744444444444
Q5,0.0056720855068847905,0.7576693751824222,0.47696440257052414,0.4377552097141371
Q6,0.004510163462071733,0.4587619752319175,0.48057366087571074,0.19972785287539777
Q7,0.011966372373021082,0.4587619752319175,0.48057366087571074,0.19972785287539777
Q8,0.005673143934529658,0.7576693751824222,0.47696440257052414,0.4377552097141371
Q9,0.008077048757744204,0.8299576787894204,0.5632024035248271,0.7762744444444444
Q10,0.0071153078764605695,0.763897854764939,0.7572688769419182,0.9494023023345208
Q11,0.01792800816974104,0.8106543271652416,0.9218447051984724,0.9373759048616408
Q12,0.0,0.8106543271652416,0.9218447051984724,0.9373759048616408
Q13,0.010695282766512274,0.8106543271652416,0.9218447051984724,0.9373759048616408
Q0,0.004268150473157573,0.8299576787894204,0.5632024035248271,0.7762744444444444
Q1,0.008663106131927206,0.763897854764939,0.7572688769419182,0.9494023023345208
Q2,0.012905666376287657,0.8106543271652416,0.9218447051984724,0.9373759048616408
Q3,0.015524180208360558,0.763897854764939,0.7572688769419182,0.9494023023345208
Q4,0.007288441863190172,0.8299576787894204,0.5632024035248271,0.7762744444444444
Q5,0.006073796643558107,0.7576693751824222,0.47696440257052414,0.4377552097141371
Q6,0.005035938026731311,0.4587619752319175,0.48057366087571074,0.19972785287539777
Q7,0.012674796384251433,0.4587619752319175,0.48057366087571074,0.19972785287539777
Q8,0.005706628938829136,0.7576693751824222,0.47696440257052414,0.4377552097141371
Q9,0.006953313037356393,0.8299576787894204,0.5632024035248271,0.7762744444444444
Q10,0.00812742878858089,0.763897854764939,0.7572688769419182,0.9494023023345208
Q11,0.016882727990916672,0.8106543271652416,0.9218447051984724,0.9373759048616408
Q12,0.0,0.8106543271652416,0.9218447051984724,0.9373759048616408
Q13,0.013082425803988927,0.8106543271652416,0.9218447051984724,0.9373759048616408
Q0,0.004907239484665288,0.8299576787894204,0.5632024035248271,0.7762744444444444
Q1,0.012689657248322142,0.763897854764939,0.7572688769419182,0.9494023023345208
Q2,0.010396222609040905,0.8106543271652416,0.9218447051984724,0.9373759048616408
Q3,0.017973182996682036,0.763897854764939,0.7572688769419182,0.9494023023345208
Q4,0.007349133180225056,0.8299576787894204,0.5632024035248271,0.7762744444444444
Q5,0.008311319343727143,0.7576693751824222,0.47696440257052414,0.4377552097141371
Q6,0.005242831241035606,0.4587619752319175,0.48057366087571074,0.19972785287539777
Q7,0.013393190693832848,0.4587619752319175,0.48057366087571074,0.19972785287539777
Q8,0.009305529592114179,0.7576693751824222,0.47696440257052414,0.4377552097141371
Q9,0.007030680031668986,0.8299576787894204,0.5632024035248271,0.7762744444444444
Q10,0.004168870964545399,0.763897854764939,0.7572688769419182,0.9494023023345208
Q11,0.018881577651355567,0.8106543271652416,0.9218447051984724,0.9373759048616408
Q12,0.0,0.8106543271652416,0.9218447051984724,0.9373759048616408
Q13,0.00938387798388913,0.8106543271652416,0.9218447051984724,0.9373759048616408
Q0,0.004857914769694232,0.8299576787894204,0.5632024035248271,0.7762744444444444
Q1,0.011122786118687803,0.763897854764939,0.7572688769419182,0.9494023023345208
Q2,0.010851033303278704,0.8106543271652416,0.9218447051984724,0.9373759048616408
Q3,0.014353453647502762,0.763897854764939,0.7572688769419182,0.9494023023345208
Q4,0.006073250048329424,0.8299576787894204,0.5632024035248271,0.7762744444444444
Q5,0.003939187403284165,0.7576693751824222,0.47696440257052414,0.4377552097141371
Q6,0.004460274670437563,0.4587619752319175,0.48057366087571074,0.19972785287539777
Q7,0.01246842620780407,0.4587619752319175,0.48057366087571074,0.19972785287539777
Q8,0.005463662440975077,0.7576693751824222,0.47696440257052414,0.4377552097141371
Q9,0.006069365435213571,0.8299576787894204,0.5632024035248271,0.7762744444444444
Q10,0.004570085899340213,0.763897854764939,0.7572688769419182,0.9494023023345208
Q11,0.014940776300424638,0.8106543271652416,0.9218447051984724,0.9373759048616408
Q12,0.0,0.8106543271652416,0.9218447051984724,0.9373759048616408
Q13,0.008878439781121008,0.8106543271652416,0.9218447051984724,0.9373759048616408
Q0,0.005044877277793755,0.8299576787894204,0.5632024035248271,0.7762744444444444
Q1,0.010948585702437999,0.763897854764939,0.7572688769419182,0.9494023023345208
Q2,0.010461164046926149,0.8106543271652416,0.9218447051984724,0.9373759048616408
Q3,0.015465838983291801,0.763897854764939,0.7572688769419182,0.9494023023345208
Q4,0.006979821491786798,0.8299576787894204,0.5632024035248271,0.7762744444444444
Q5,0.006070913483153938,0.7576693751824222,0.47696440257052414,0.4377552097141371
Q6,0.004702483300766993,0.4587619752319175,0.48057366087571074,0.19972785287539777
Q7,0.01186591684261506,0.4587619752319175,0.48057366087571074,0.19972785287539777
Q8,0.006633888179911831,0.7576693751824222,0.47696440257052414,0.4377552097141371
Q9,0.00681051602386067,0.8299576787894204,0.5632024035248271,0.7762744444444444
Q10,0.005878671385714009,0.763897854764939,0.7572688769419182,0.9494023023345208
Q11,0.01667600902664222,0.8106543271652416,0.9218447051984724,0.9373759048616408
Q12,0.0,0.8106543271652416,0.9218447051984724,0.9373759048616408
Q13,0.0099851884782094,0.8106543271652416,0.9218447051984724,0.9373759048616408
Q0,0.003979812713217392,0.763897854764939,0.7572688769419182,0.9494023023345208
Q1,0.00705625767942666,0.8106543271652416,0.9218447051984724,0.9373759048616408
Q2,0.009388056768038479,0.763897854764939,0.7572688769419182,0.9494023023345208
Q3,0.012053895893339802,0.8299576787894204,0.5632024035248271,0.7762744444444444
Q4,0.006022899211942667,0.7576693751824222,0.47696440257052414,0.4377552097141371
Q5,0.006573629027139512,0.4587619752319175,0.48057366087571074,0.19972785287539777
Q6,0.0038297300974500428,0.17004232121057958,0.43679759647517286,0.2237255555555555
Q7,0.008519961133566442,0.17004232121057958,0.43679759647517286,0.2237255555555555
Q8,0.005770713420574862,0.4587619752319175,0.48057366087571074,0.19972785287539777
Q9,0.005464902520399512,0.7576693751824222,0.47696440257052414,0.4377552097141371
Q10,0.004905672867341659,0.8299576787894204,0.5632024035248271,0.7762744444444444
Q11,0.013768818242089843,0.763897854764939,0.7572688769419182,0.9494023023345208
Q12,0.007885916055535661,0.8106543271652416,0.9218447051984724,0.9373759048616408
Q13,0.0,0.8106543271652416,0.9218447051984724,0.9373759048616408
Q0,0.0038928574406432315,0.763897854764939,0.7572688769419182,0.9494023023345208
Q1,0.009850153573683872,0.8106543271652416,0.9218447051984724,0.9373759048616408
Q2,0.006151967739121248,0.763897854764939,0.7572688769419182,0.9494023023345208
Q3,0.014134892637320273,0.8299576787894204,0.5632024035248271,0.7762744444444444
Q4,0.005549612127868153,0.7576693751824222,0.47696440257052414,0.4377552097141371
Q5,0.003663409953592794,0.4587619752319175,0.48057366087571074,0.19972785287539777
Q6,0.004461499191644473,0.17004232121057958,0.43679759647517286,0.2237255555555555
Q7,0.011961046268139309,0.17004232121057958,0.43679759647517286,0.2237255555555555
Q8,0.006238498699350246,0.4587619752319175,0.48057366087571074,0.19972785287539777
Q9,0.00484089568230304,0.7576693751824222,0.47696440257052414,0.4377552097141371
Q10,0.006166344223101725,0.8299576787894204,0.5632024035248271,0.7762744444444444
Q11,0.014248321926099587,0.763897854764939,0.7572688769419182,0.9494023023345208
Q12,0.010695282766512274,0.8106543271652416,0.9218447051984724,0.9373759048616408
Q13,0.0,0.8106543271652416,0.9218447051984724,0.9373759048616408
Q0,0.006081583474404209,0.763897854764939,0.7572688769419182,0.9494023023345208
Q1,0.009573199449891828,0.8106543271652416,0.9218447051984724,0.9373759048616408
Q2,0.01410707295324792,0.763897854764939,0.7572688769419182,0.9494023023345208
Q3,0.0184510114482624,0.8299576787894204,0.5632024035248271,0.7762744444444444
Q4,0.008214080587044837,0.7576693751824222,0.47696440257052414,0.4377552097141371
Q5,0.006366356133237661,0.4587619752319175,0.48057366087571074,0.19972785287539777
Q6,0.004873336582673402,0.17004232121057958,0.43679759647517286,0.2237255555555555
Q7,0.015063797942915753,0.17004232121057958,0.43679759647517286,0.2237255555555555
Q8,0.005185313404229557,0.4587619752319175,0.48057366087571074,0.19972785287539777
Q9,0.008346206515919741,0.7576693751824222,0.47696440257052414,0.4377552097141371
Q10,0.007340393815018554,0.8299576787894204,0.5632024035248271,0.7762744444444444
Q11,0.019228668912244635,0.763897854764939,0.7572688769419182,0.9494023023345208
Q12,0.01308242580398893,0.8106543271652416,0.9218447051984724,0.9373759048616408
Q13,0.0,0.8106543271652416,0.9218447051984724,0.9373759048616408
Q0,0.00517212828538221,0.763897854764939,0.7572688769419182,0.9494023023345208
Q1,0.012093940336975225,0.8106543271652416,0.9218447051984724,0.9373759048616408
Q2,0.007961723797614454,0.763897854764939,0.7572688769419182,0.9494023023345208
Q3,0.01614674591517275,0.8299576787894204,0.5632024035248271,0.7762744444444444
Q4,0.006010510416642348,0.7576693751824222,0.47696440257052414,0.4377552097141371
Q5,0.006296824849681205,0.4587619752319175,0.48057366087571074,0.19972785287539777
Q6,0.0036242715495225122,0.17004232121057958,0.43679759647517286,0.2237255555555555
Q7,0.01091140554755431,0.17004232121057958,0.43679759647517286,0.2237255555555555
Q8,0.006146411338498771,0.4587619752319175,0.48057366087571074,0.19972785287539777
Q9,0.006786323522713061,0.7576693751824222,0.47696440257052414,0.4377552097141371
Q10,0.004623147204895902,0.8299576787894204,0.5632024035248271,0.7762744444444444
Q11,0.015509044297177107,0.763897854764939,0.7572688769419182,0.9494023023345208
Q12,0.00938387798388913,0.8106543271652416,0.9218447051984724,0.9373759048616408
Q13,0.0,0.8106543271652416,0.9218447051984724,0.9373759048616408
Q0,0.005199420516967408,0.763897854764939,0.7572688769419182,0.9494023023345208
Q1,0.010177212407620604,0.8106543271652416,0.9218447051984724,0.9373759048616408
Q2,0.009272506135316903,0.763897854764939,0.7572688769419182,0.9494023023345208
Q3,0.01307893336109701,0.8299576787894204,0.5632024035248271,0.7762744444444444
Q4,0.0045344632627636544,0.7576693751824222,0.47696440257052414,0.4377552097141371
Q5,0.004617299639811578,0.4587619752319175,0.48057366087571074,0.19972785287539777
Q6,0.005499843795800673,0.17004232121057958,0.43679759647517286,0.2237255555555555
Q7,0.011950414598272443,0.17004232121057958,0.43679759647517286,0.2237255555555555
Q8,0.00539145997622245,0.4587619752319175,0.48057366087571074,0.19972785287539777
Q9,0.006073311285137587,0.7576693751824222,0.47696440257052414,0.4377552097141371
Q10,0.004057710180897134,0.8299576787894204,0.5632024035248271,0.7762744444444444
Q11,0.014929394688071,0.763897854764939,0.7572688769419182,0.9494023023345208
Q12,0.008878439781121008,0.8106543271652416,0.9218447051984724,0.9373759048616408
Q13,0.0,0.8106543271652416,0.9218447051984724,0.9373759048616408
Q0,0.00486516048612289,0.763897854764939,0.7572688769419182,0.9494023023345208
Q1,0.009750152689519637,0.8106543271652416,0.9218447051984724,0.9373759048616408
Q2,0.009376265478667802,0.763897854764939,0.7572688769419182,0.9494023023345208
Q3,0.014773095851038448,0.8299576787894204,0.5632024035248271,0.7762744444444444
Q4,0.006066313121252332,0.7576693751824222,0.47696440257052414,0.4377552097141371
Q5,0.00550350392069255,0.4587619752319175,0.48057366087571074,0.19972785287539777
Q6,0.004457736243418221,0.17004232121057958,0.43679759647517286,0.2237255555555555
Q7,0.011681325098089652,0.17004232121057958,0.43679759647517286,0.2237255555555555
Q8,0.005746479367775177,0.4587619752319175,0.48057366087571074,0.19972785287539777
Q9,0.006302327905294588,0.7576693751824222,0.47696440257052414,0.4377552097141371
Q10,0.005418653658250994,0.8299576787894204,0.5632024035248271,0.7762744444444444
Q11,0.015536849613136432,0.763897854764939,0.7572688769419182,0.9494023023345208
Q12,0.0099851884782094,0.8106543271652416,0.9218447051984724,0.9373759048616408
Q13,0.0,0.8106543271652416,0.9218447051984724,0.9373759048616408
